"country","year","tbi","pro_cleanfuel","pro_basicwater","pro_safewater","pro_slum","mean_exposure_pm2.5","total_greenhouses","pro_basicsanitation","pro_safesanitation","gdp","hdi","region"
"Afghanistan",2006,189,13.5,38.5671193339185,15.6484265825764,63.6,61.5146494273075,27.8006,28.8122662344939,28.8122662344939,6971758282.29351,0.41,"Eastern Mediterranean"
"Afghanistan",2008,189,16.6,43.6326087182233,17.4760103900168,63.6,54.1911438080183,32.4295,32.128704614959,32.128704614959,10109297047.5432,0.431,"Eastern Mediterranean"
"Afghanistan",2010,189,19.9,48.8269685242371,19.301139222627,64.80761,49.6793770289443,39.5306,35.4774709901664,35.4774709901664,15856668555.8336,0.449,"Eastern Mediterranean"
"Afghanistan",2012,189,22.9,54.1494916362474,21.1239963442836,67.24795,70.9223165078033,41.8041,38.8603050336229,38.8603050336229,19907329777.5872,0.467,"Eastern Mediterranean"
"Afghanistan",2014,189,26.1,59.5981581738121,22.9443007139289,69.68829,77.1437275538632,40.5537,42.2784026530125,42.2784026530125,20497128555.6972,0.48,"Eastern Mediterranean"
"Afghanistan",2016,189,28.8,65.1721622599667,24.7622201760444,72.12863,72.7659101386992,39.9062,45.7336021554717,45.7336021554717,18116572395.0772,0.483,"Eastern Mediterranean"
"Afghanistan",2018,189,31.4,70.8799408932308,26.5813145377719,73.3,67.2271774798558,40.7805,49.2341444226923,49.2341444226923,18053222687.4126,0.486,"Eastern Mediterranean"
"Afghanistan",2020,183,33.8,76.72225540254,28.4025051496417,73.3,46.0870936659706,37.4909,52.6490009350063,52.6490009350063,19955929052.1496,0.488,"Eastern Mediterranean"
"Albania",2000,22,35.2,86.3970439494077,49.1383205634209,28.1,22.2651885663762,8.6227,89.4886714004041,89.4886714004041,3480355258.04122,0.678,"Europe"
"Albania",2002,22,41.4,87.4516357159612,48.984765568043,25.5,22.4827851202514,9.4424,90.605514785525,90.605514785525,4348068242.19512,0.692,"Europe"
"Albania",2004,20,47.8,88.5105812614285,50.7176777876065,23,22.6759229494045,9.846,91.7106511759046,91.7106511759046,7184685781.51876,0.707,"Europe"
"Albania",2006,18,54.7,89.5191349968004,54.4670824974091,20.5,22.5109695957413,9.4849,92.9214092333686,92.9214092333686,8896075004.63516,0.728,"Europe"
"Albania",2008,16,61,90.4761498369914,58.3284789243762,17.9,21.4806685713767,9.225,94.0758130632297,94.0758130632297,12881352893.6855,0.747,"Europe"
"Albania",2010,17,66.2,91.3794796111017,62.3006301902166,15.4,20.8141104654758,9.6113,95.1721612127179,95.1721612127179,11926926615.8015,0.766,"Europe"
"Albania",2012,16,71.3,92.2287785293112,66.3808520347694,12.9,20.9627204112539,13.5231,96.2102708087274,96.2102708087274,12319834195.331,0.789,"Europe"
"Albania",2014,16,75.2,93.0200580597032,70.5632610188294,10.3,19.3679442180935,10.1759,97.1880221308194,97.1880221308194,13228147516.1168,0.797,"Europe"
"Albania",2016,17,78.3,93.7548779094968,70.6165078550165,7.8,17.602163992984,9.7309,98.1079030060422,98.1079030060422,11861199830.8396,0.795,"Europe"
"Albania",2018,18,80.7,94.4363934347219,70.65335162337,5.3,19.0461862321065,10.4992,98.9736460270302,98.9736460270302,15379509891.7196,0.797,"Europe"
"Albania",2020,15,83.1,95.0680388145809,70.6745374149515,2.8,15.7070036417042,9.1328,99.2987931149029,99.2987931149029,15241458744.8688,0.784,"Europe"
"Algeria",2008,74,99,91.8433087449211,74.1828238425326,30.8,25.4799096142764,196.3231,86.5335680761237,86.5335680761237,180383848331.135,0.709,"Africa"
"Algeria",2010,78,99.2,92.2959734615905,75.056807812812,30.8,24.3952993862667,200.9843,86.9781332130706,86.9781332130706,177785053939.531,0.721,"Africa"
"Algeria",2012,73,99.4,92.7451846992975,75.867622968565,28.88661,24.3968164333132,223.9411,87.0935397027506,87.0935397027506,227143746075.934,0.726,"Africa"
"Algeria",2014,72,99.5,93.1923467804089,76.6182319353339,24.98121,24.111122951181,241.2862,86.8698424356598,86.8698424356598,238942664192.59,0.732,"Africa"
"Algeria",2016,70,99.6,93.6227755358994,76.3948592626,21.07581,25.5531525527547,253.4389,86.6054829474466,86.6054829474466,180763839522.151,0.738,"Africa"
"Algeria",2018,69,99.7,94.0374149250041,75.036130399841,17.17042,24.9335900639775,266.6026,86.303094189528,86.303094189528,194554483655.528,0.74,"Africa"
"Algeria",2020,58,99.7,94.4373299704124,72.2481473302903,13.26502,25.5526558310447,257.0637,85.9654695730295,85.9654695730295,164873415325.201,0.73,"Africa"
"Armenia",2000,54,78.1,95.3321795073804,82.3507193495398,12.79599,27.498645550379,3.8018,86.9598960322857,86.9598960322857,1911563668.85006,0.656,"Europe"
"Armenia",2002,59,84.5,95.8591152115814,82.5738249153644,12.30696,27.4848026556976,3.4419,87.7125537666032,87.7125537666032,2376335048.39976,0.67,"Europe"
"Armenia",2004,69,89.7,96.4166622270609,82.8105594508515,11.81793,27.6753386119868,4.2823,88.5026889720846,88.5026889720846,3576615240.41616,0.689,"Europe"
"Armenia",2006,75,92.8,96.9824019913165,83.0495663188159,11.3289,28.4040594680882,5.0436,89.2950645345258,89.2950645345258,6384452066.5146,0.714,"Europe"
"Armenia",2008,71,94.9,97.5564813624504,83.290892297693,10.83987,30.454755880876,6.4433,90.0898320713121,90.0898320713121,11662040713.8753,0.733,"Europe"
"Armenia",2010,61,96.1,98.138914628293,83.2415893535423,10.35084,34.4470166846987,5.1035,90.886816268627,90.886816268627,9260285755.62424,0.739,"Europe"
"Armenia",2012,53,96.8,98.7298229038946,83.1928890340007,9.86181,43.2896148307344,6.5702,91.6861698103562,91.6861698103562,10619320682.9474,0.751,"Europe"
"Armenia",2014,57,97.3,99.3248756665526,83.1453480350589,9.37278,38.639237611456,6.707,92.5000968345708,92.5000968345708,11609513246.7958,0.764,"Europe"
"Armenia",2016,44,97.6,99.5293510076689,82.9347308607083,8.88375,35.8609078798257,6.0999,93.2465397820957,93.2465397820957,10546136235.5219,0.773,"Europe"
"Armenia",2018,31,97.8,99.9148284891593,82.9598380412522,8.39472,34.201366074335,6.4611,93.693256899836,93.693256899836,12457940694.7395,0.781,"Europe"
"Armenia",2020,25,97.9,99.9415163996124,82.6858187854657,8.39472,30.5796334750125,7.4775,93.9367387745435,93.9367387745435,12641698583.2152,0.769,"Europe"
"Austria",2000,17,100,99.9999997317949,96.7192347699695,4.5,19.150573887216,67.9654,99.9999792345039,99.9999792345039,196181599831.287,0.87,"Europe"
"Austria",2002,15,100,99.9999992989147,97.0617545103043,4.4,18.7785099320798,76.5629,99.9999980392323,99.9999980392323,212837224022.813,0.878,"Europe"
"Austria",2004,13,100,99.9999975141402,97.4042729308709,4.4,18.4343485142981,87.135,99.996530510081,99.996530510081,299210411454.823,0.886,"Europe"
"Austria",2006,12,100,100,97.7467976841823,4.4,17.8024706211736,89.1018,99.9928973265328,99.9928973265328,333905979332.481,0.893,"Europe"
"Azerbaijan",2000,80,70,73.4165803447003,57.7485547835283,50.94,19.773338223415,38.1519,62.2763448871113,62.2763448871113,5272615722.96892,0.635,"Europe"
"Azerbaijan",2002,78,76.9,75.870284030868,60.1104341282052,44.93667,19.4107005876363,36.991,66.0659783026576,66.0659783026576,6236087738.28284,0.654,"Europe"
"Azerbaijan",2004,80,82.9,78.3574990243862,61.3437670511597,38.93333,19.1817649122083,40.0443,69.8252236827963,69.8252236827963,8680405740.94125,0.67,"Europe"
"Azerbaijan",2006,83,87.8,80.8760045897352,62.5618941223254,32.93,19.4343550329971,44.7528,74.745714824542,74.745714824542,20981929497.6188,0.701,"Europe"
"Azerbaijan",2008,108,91.3,83.4255074202882,63.7653914133059,26.92667,20.6727592862898,52.6064,79.7252646549165,79.7252646549165,48851293785.4483,0.723,"Europe"
"Azerbaijan",2010,104,93.7,86.0078827586649,64.9561147342884,26.92667,23.1201756676417,45.2727,84.7653165005318,84.7653165005318,52909294791.9262,0.733,"Europe"
"Azerbaijan",2012,86,95.5,88.6295060271887,66.1386443105831,26.92667,29.1805878419231,51.599,89.867944807487,89.867944807487,69679944504.1972,0.739,"Europe"
"Bangladesh",2000,221,8.3,94.8189212128758,55.3187008304757,58.31077,53.2073315873939,157.1991,24.5131903542463,24.5131903542463,53369787318.6245,0.491,"South-East Asia"
"Bangladesh",2002,221,8.5,95.1737696316763,55.3037151491832,57.66662,53.9989891679289,168.4791,27.6554493983047,27.6554493983047,54724081490.5102,0.505,"South-East Asia"
"Bangladesh",2004,221,9,95.5299724790634,55.250352936216,57.02246,54.7139805852488,173.7639,30.7992984470831,30.7992984470831,65108544250.0425,0.518,"South-East Asia"
"Bangladesh",2006,221,9.6,95.8847117824058,55.1836736404241,56.3783,53.1975459498402,185.7126,34.0875250851519,34.0875250851519,71795736172.1561,0.53,"South-East Asia"
"Bangladesh",2008,221,10.8,96.2259786038382,55.1028751333941,55.73415,46.4359542477712,202.212,37.3719166265714,37.3719166265714,91636997370.9772,0.535,"South-East Asia"
"Bangladesh",2010,221,12.6,96.5528253694261,55.0085863901501,55.08999,42.1588186962047,216.7831,40.6418673210665,40.6418673210665,115275540051.262,0.558,"South-East Asia"
"Bangladesh",2012,221,14.6,96.864384577712,55.3036924501787,54.44584,65.1638389348551,226.8739,43.8868927179976,43.8868927179976,133310747603.483,0.575,"South-East Asia"
"Bangladesh",2014,221,16.8,97.1596636760135,56.0454778209341,53.80168,68.3283645116627,238.4256,47.0955366737352,47.0955366737352,172886611653.786,0.585,"South-East Asia"
"Bangladesh",2016,221,19.4,97.4383909094007,56.850799030472,53.15752,63.6784141329752,256.0264,50.2602922140672,50.2602922140672,265224515675.034,0.613,"South-East Asia"
"Bangladesh",2018,221,21.9,97.700411546896,57.7207449544889,52.51337,59.513577848333,279.2501,53.374264785747,53.374264785747,321362752441.78,0.636,"South-East Asia"
"Bangladesh",2020,221,24.9,97.945676020447,58.6559977739333,51.86921,42.3813762359965,269.3751,56.4312334257288,56.4312334257288,373979442362.193,0.657,"South-East Asia"
"Belarus",2000,86,92.5,98.3562356334077,81.8127073395731,17.5584,27.8003375928239,43.3546,92.0688611847075,92.0688611847075,12736780455.1539,0.708,"Europe"
"Belarus",2002,66,94.8,98.3409034123984,82.1121894580886,16.03017,25.3708864392258,44.3877,92.0235090773808,92.0235090773808,14594900944.7658,0.718,"Europe"
"Belarus",2004,71,96.2,98.3288112162159,83.3619065222657,14.50194,22.4773987093966,49.2296,92.4299916634885,92.4299916634885,23141566292.9462,0.74,"Europe"
"Belarus",2006,68,97.4,98.3110021113923,85.5099440254235,12.97371,21.555661490259,47.4522,93.300075313505,93.300075313505,36961894281.3444,0.761,"Europe"
"Belarus",2008,68,98.1,98.3012596659617,87.5852408037155,11.44548,21.364516390716,51.0996,94.1862922254828,94.1862922254828,60752106347.126,0.782,"Europe"
"Belarus",2010,68,98.7,98.2992552665083,89.6004913219015,9.91726,20.9366064365372,47.0465,95.0871819797059,95.0871819797059,57231904542.8755,0.79,"Europe"
"Belarus",2012,63,99.2,98.3055460415481,91.5589142752632,8.38903,18.0675396231787,61.6105,96.0031998605471,96.0031998605471,65685890438.8922,0.805,"Europe"
"Belarus",2014,51,99.4,98.3203614644208,92.4042254331142,6.8608,19.3974713758219,59.4315,96.9365246924667,96.9365246924667,78812805039.0743,0.81,"Europe"
"Belarus",2016,42,99.5,98.3433344843066,92.5880037699573,5.33257,15.8319434819688,59.584,97.8864691690809,97.8864691690809,47723545321.259,0.809,"Europe"
"Belarus",2018,31,99.7,98.3739982007809,92.766544664735,3.80434,16.9825400264261,64.7721,98.8522676469004,98.8522676469004,60031173807.7196,0.812,"Europe"
"Belarus",2020,28,99.7,98.6515731688089,92.9371107737105,2.27611,14.6089903841381,61.8387,99.488775472255,99.488775472255,61371755326.2351,0.8,"Europe"
"Bosnia and Herzegovina",2000,83,54.1,97.2697023620953,87.3499798958305,5.1,36.8983152634642,12.5198,95.0784457696157,95.0784457696157,5567772768.81188,0.656,"Europe"
"Bosnia and Herzegovina",2002,56,51.65,97.1708059849212,87.5946170566855,5.1,37.9191864208419,15.661,95.0981396368111,95.0981396368111,6728220886.64546,0.663,"Europe"
"Bosnia and Herzegovina",2004,78,50.2,97.0613930232856,87.8356908284727,5.1,38.8647123272337,15.0096,95.1202465613179,95.1202465613179,10156541538.399,0.678,"Europe"
"Bosnia and Herzegovina",2006,59,47.9,96.9413764053532,88.0730308940977,4.9,38.6329509376323,18.1496,95.151629322116,95.151629322116,12864841905.9543,0.687,"Europe"
"Bosnia and Herzegovina",2008,57,45.8,96.8107512963813,88.3067593024703,4.7,36.5797939203256,20.5685,95.1844590967475,95.1844590967475,19112796623.1175,0.714,"Europe"
"Bosnia and Herzegovina",2010,45,44.8,96.6694951663687,88.5367333423369,4.5,35.2512805561859,22.5919,95.2184859381301,95.2184859381301,17176315803.7298,0.718,"Europe"
"Bosnia and Herzegovina",2012,49,43.2,96.4500310517333,88.7022929237708,4.3,35.5046711262656,21.9259,95.2539078629793,95.2539078629793,17226735995.6905,0.735,"Europe"
"Bosnia and Herzegovina",2014,43,41.9,96.1681277683125,88.8171849686973,4,32.4817989014897,21.4263,95.290532157865,95.290532157865,18558733564.4692,0.751,"Europe"
"Bosnia and Herzegovina",2016,33,41.05,96.1512641348273,88.8333583350121,4,30.384676952561,24.4029,95.3361510415938,95.3361510415938,17116926327.6247,0.767,"Europe"
"Bosnia and Herzegovina",2018,25,40.8,96.1331740889937,88.850693498337,4,32.4989922059154,25.4209,95.3850592701845,95.3850592701845,20484053868.9246,0.774,"Europe"
"Brazil",2000,51,89.05,93.4715252595615,76.0321004143178,34.73978,15.5723815602196,2045.1885,73.1287988328203,73.1287988328203,655448231983.527,0.668,"Americas"
"Brazil",2002,52,90.2,94.1424897502086,76.9846391084615,31.43266,15.5176007943732,2232.7015,74.9279834778336,74.9279834778336,509795273806.715,0.678,"Americas"
"Brazil",2004,54,91.3,94.7773576406478,77.5417105801939,28.12555,15.4163508003501,3541.3762,76.6915371557584,76.6915371557584,669289424806.307,0.689,"Americas"
"Brazil",2006,46,92.1,95.3841881864926,78.0771293045467,24.81844,15.2503863469125,2209.336,78.4329110515648,78.4329110515648,1107626541710.74,0.701,"Americas"
"Brazil",2008,46,93.1,95.9645639704386,78.5924528100554,21.51132,14.9351326747822,2021.4706,80.154078978513,80.154078978513,1695855083552.05,0.714,"Americas"
"Brazil",2010,44,93.9,96.5187999853069,79.0871837552091,18.20421,14.9274921822751,1398.172,81.854207204088,81.854207204088,2208837745214.23,0.722,"Americas"
"Brazil",2012,44,94.7,97.0509780439356,79.5678671260293,14.8971,14.6007414104339,1405.9965,83.5422241377624,83.5422241377624,2465227803011.57,0.732,"Americas"
"Brazil",2014,43,95.4,97.5585811855157,81.1948027794409,14.8971,13.7916487838641,1537.8638,85.2106414441147,85.2106414441147,2456043727198.85,0.753,"Americas"
"Brazil",2016,43,95.8,97.955839734312,82.7432602104915,14.8971,12.1085038135727,1650.494,86.8602432937162,86.8602432937162,1795693482652.52,0.753,"Americas"
"Cambodia",2000,579,3.5,51.899880591249,16.9631343944074,84.8,29.7987214798005,95.6336,10.1863241737143,10.1863241737143,3694168979.32019,0.431,"Western Pacific"
"Cambodia",2002,553,4.6,55.3148453414085,17.9278350570634,79.2,30.0191592913356,96.5995,14.2304196427319,14.2304196427319,4501227626.62752,0.469,"Western Pacific"
"Cambodia",2004,525,6.1,58.53308870878,18.8939771301115,73.6,30.1032587946087,98.2232,19.9778491724546,19.9778491724546,5883297159.87352,0.499,"Western Pacific"
"Cambodia",2006,495,7.5,61.0435915393988,19.8622863358812,67.9,29.6130476724133,101.9654,25.8235906865063,25.8235906865063,8350531016.65753,0.522,"Western Pacific"
"Cambodia",2008,466,9.4,63.4540973985695,20.8462050574285,62.3,27.7883527366484,103.8585,31.7836066371633,31.7836066371633,12174303999.0812,0.536,"Western Pacific"
"Cambodia",2010,438,11.5,65.8701567479709,21.9938315244945,56.6,24.8224340951565,105.8401,38.0261681716986,38.0261681716986,13808673288.0696,0.542,"Western Pacific"
"Cambodia",2012,412,14.5,68.17060774941,23.1521487304252,51,22.9965791117395,106.864,44.3410593815793,44.3410593815793,17826536699.8016,0.551,"Western Pacific"
"Cambodia",2014,383,18.2,70.3567098391523,24.3209254020834,45.4,22.1052880421246,92.4978,50.7239587338179,50.7239587338179,22041463967.9009,0.559,"Western Pacific"
"Cambodia",2016,348,23.4,72.4305818903856,25.501040147582,39.7,22.4071810127085,80.4294,57.1715605520056,57.1715605520056,26556545153.3573,0.573,"Western Pacific"
"Cambodia",2018,308,31.2,74.3943716170771,26.6933832941225,39.7,22.9919425508182,84.008,63.6801687178509,63.6801687178509,33145892168.8958,0.588,"Western Pacific"
"Cambodia",2020,279,41.3,76.2531074222297,27.903766635715,39.7,24.1436022803452,88.9899,70.249097797564,70.249097797564,34818073901.4851,0.596,"Western Pacific"
"Central African Republic",2000,540,0.6,59.0104896097958,8.53086470231477,85.96516,34.1089018072999,-219.3991,20.5939673265979,20.5939673265979,916777282.691659,0.319,"Africa"
"Central African Republic",2002,540,0.5,56.6533341018037,8.26170337509347,83.12315,33.5016255789717,-219.9475,20.5005931077099,20.5005931077099,996068144.884889,0.322,"Africa"
"Central African Republic",2004,540,0.5,54.3217048702171,7.99427543453696,80.28114,32.5614114674204,-219.4314,20.40631886511,20.40631886511,1272360517.32373,0.326,"Africa"
"Central African Republic",2006,540,0.5,52.0363867203351,7.73617229496012,77.43913,32.4290832518178,-218.6191,19.5450444000148,19.5450444000148,1461859762.33459,0.333,"Africa"
"Central African Republic",2008,540,0.5,49.8014654368029,7.48929311659285,74.59712,32.7298504736865,-217.8412,18.7110296424231,18.7110296424231,1993407888.49838,0.345,"Africa"
"Central African Republic",2010,540,0.5,47.6121816825573,7.25241332361953,71.75511,33.2644237034772,-217.8124,17.9009514050434,17.9009514050434,2142591540.40068,0.357,"Africa"
"Central African Republic",2012,540,0.5,45.4644281462994,7.02456234088729,68.9131,36.1271180308768,-217.1667,17.1121604556915,17.1121604556915,2510126512.22831,0.372,"Africa"
"Central African Republic",2014,540,0.6,43.354001474842,6.80476202389028,68.9131,31.9156244391296,-217.3253,16.3420826919898,16.3420826919898,1894813389.40325,0.354,"Africa"
"Central African Republic",2016,540,0.6,41.276645035426,6.59203554548991,68.9131,34.4108147859314,-216.1501,15.5882420568199,15.5882420568199,1825018144.65595,0.373,"Africa"
"Chad",2000,151,3,38.6325922411663,5.52087398982528,91.58375,56.9478334024862,21.5158,9.6926743015076,9.6926743015076,1388506771.58756,0.292,"Africa"
"Chad",2002,152,2.6,39.7975122600416,5.58659704293732,90.45647,56.4118948084852,24.4431,9.85771003081794,9.85771003081794,1997005708.81576,0.309,"Africa"
"Chad",2004,151,2.3,40.9739127227244,5.6479144514591,89.32919,55.341182208153,29.4737,10.0242445629892,10.0242445629892,4422855660.82592,0.327,"Africa"
"Chad",2006,150,2.2,42.1612373131913,5.70471778217889,88.20191,54.3668277070918,33.0996,10.1921110893801,10.1921110893801,7428701453.91509,0.328,"Africa"
"Chad",2008,149,2.4,43.3598096505447,5.75715062160439,87.07463,53.225172822863,36.874,10.3615172599108,10.3615172599108,10393833765.3651,0.343,"Africa"
"Chad",2010,147,2.6,44.5760294474077,5.80736452502077,85.94735,52.6348532986167,41.6168,10.6144009031658,10.6144009031658,10668103554.1192,0.364,"Africa"
"Chad",2012,146,3.1,45.8314595763886,5.86313031273531,84.82007,57.1204741865987,48.3104,10.904855366766,10.904855366766,12367362757.1342,0.381,"Africa"
"Chad",2014,145,3.8,47.1234151576749,5.92508772122563,83.69279,46.8052788415437,55.2066,11.2377496545349,11.2377496545349,13940767218.5849,0.392,"Africa"
"Chad",2016,144,4.7,48.4497546132228,5.99418883763358,82.56551,58.3859502502274,64.6406,11.6187911506186,11.6187911506186,10097778098.1707,0.388,"Africa"
"Chad",2018,142,6,49.8080066638708,6.07143584248856,82,54.3808173498018,73.6105,12.054119739418,12.054119739418,11239167898.3395,0.393,"Africa"
"Chad",2020,141,7.5,51.1953778058648,6.15788313789912,82,49.1388484128027,81.4311,12.5503207178957,12.5503207178957,10715396042.3343,0.396,"Africa"
"Chile",2000,23,100,95.7491208421222,92.0930265397315,14.616,28.0634138695562,14.8299,92.2438518731679,92.2438518731679,78339750721.7352,0.763,"Americas"
"Chile",2002,18,100,96.3584619844032,93.0706286963931,10.97,27.5666336657884,24.9896,93.3238349042848,93.3238349042848,70264045939.1322,0.775,"Americas"
"Chile",2004,19,100,96.8614230083117,93.8845755309309,7.324,26.6987521826339,21.6622,94.2806647717969,94.2806647717969,99075985773.176,0.787,"Americas"
"Chile",2006,18,100,97.3573221347286,94.7076424957526,7.3,25.4313218784945,20.2134,95.2291336312297,95.2291336312297,153843518171.43,0.796,"Americas"
"Chile",2008,17,100,97.8465856667141,95.5400867626514,7.3,23.2503096478062,46.4061,96.1697322571176,96.1697322571176,179894594475.98,0.812,"Americas"
"Colombia",2000,37,78,91.9600501288055,68.5495180186544,21.17683,25.3637180153758,262.164,75.4237027446631,75.4237027446631,99875074951.0278,0.672,"Americas"
"Colombia",2002,35,79.8,92.5729955519748,69.1752616173546,19.83238,23.929353614622,256.6219,77.2165816983729,77.2165816983729,97945812802.8882,0.676,"Americas"
"Colombia",2004,33,81.1,93.1651930443208,69.7863824437527,18.48794,21.8887421322682,252.6077,79.0025604937672,79.0025604937672,117092416666.245,0.689,"Americas"
"Colombia",2006,32,82.8,93.7365220800179,70.3817298964061,17.14349,20.6003919283618,251.3843,80.7809581807122,80.7809581807122,161792958904.864,0.703,"Americas"
"Colombia",2008,32,83.9,94.2871908166194,70.8848352722594,15.79905,19.6051288373421,251.5878,82.5514083234022,82.5514083234022,242504150472.931,0.722,"Americas"
"Colombia",2010,32,85.6,94.8180493749797,71.3704833631711,14.4546,19.1642899222037,256.04,84.314142164482,84.314142164482,286498534094.963,0.732,"Americas"
"Colombia",2012,33,87.1,95.3293842263037,71.8381237323737,13.11016,18.1430860286647,254.8511,86.0689202628907,86.0689202628907,370691143018.039,0.739,"Americas"
"Colombia",2014,31,88.8,95.821895841302,72.2881015066443,11.76571,18.33821147907,261.9383,87.8159017312967,87.8159017312967,381240864422.407,0.755,"Americas"
"Colombia",2016,33,90,96.2965922555706,72.7215997126754,10.42127,17.312215487627,281.2368,89.5555442261651,89.5555442261651,282720100286.228,0.763,"Americas"
"Colombia",2018,33,91.4,96.739501221738,73.1264378879352,9.7,16.0492875724803,299.8021,91.2877514825982,91.2877514825982,334198218098.276,0.766,"Americas"
"Colombia",2020,35,92.6,97.0410236613368,73.413231097311,9.7,14.1832514905064,304.0308,93.0127700372276,93.0127700372276,270348342541.465,0.756,"Americas"
"Costa Rica",2000,18,89,94.4644859668649,76.4062353813744,12.69593,21.3843731146703,30.4794,93.6880568867232,93.6880568867232,15013629661.8969,0.709,"Americas"
"Costa Rica",2002,17,89.7,95.3307081825732,77.0867143581572,11.78091,21.0286242452936,16.7112,94.1582854576318,94.1582854576318,16578820687.2881,0.721,"Americas"
"Costa Rica",2004,21,90.4,96.1233820197563,77.7078495231556,10.86589,20.4200904256551,17.4586,94.6008968531799,94.6008968531799,18610594846.2083,0.731,"Americas"
"Costa Rica",2006,14,91,96.8432839776983,78.2704762052349,9.95087,19.6090845399907,17.8779,95.015385531609,95.015385531609,22715540324.3032,0.745,"Americas"
"Costa Rica",2008,14,91.8,97.4934661058073,78.777118952601,9.03585,18.3142845924477,16.2098,95.4026651772125,95.4026651772125,30801745700.4514,0.762,"Americas"
"Costa Rica",2010,13,92.4,98.0541345560176,79.2300399572182,8.12083,17.6032020866019,16.1866,95.9220323752263,95.9220323752263,37658616951.8038,0.769,"Americas"
"Costa Rica",2012,13,93.2,98.560150584186,79.6319515328466,7.20581,17.9369232929949,19.5603,96.4067319723308,96.4067319723308,47231655431.7355,0.782,"Americas"
"Costa Rica",2014,12,93.9,99.0392479916441,79.9860262766625,6.29079,17.5539609994868,13.9137,96.856159062387,96.856159062387,52016408854.2658,0.79,"Americas"
"Costa Rica",2016,9.4,94.6,99.4658056341647,80.2988811672934,5.37577,16.8973562895418,14.67,97.2746816843716,97.2746816843716,58847019609.6549,0.796,"Americas"
"Costa Rica",2018,10,95.3,99.7844180058545,80.525590360828,4.46075,15.1307436338713,13.5884,97.666308228442,97.666308228442,62420164991.5374,0.804,"Americas"
"Costa Rica",2020,9.9,95.9,99.8105365712776,80.5160465668615,3.54573,14.3075712471404,12.0588,98.0348093858864,98.0348093858864,62395610760.0492,0.811,"Americas"
"Cote d'Ivoire",2000,367,17.9,70.6328654119712,23.086655423663,67.07658,52.7912923813154,59.8135,20.683503003502,20.683503003502,16577533891.8785,0.454,"Other"
"Cote d'Ivoire",2002,330,17,70.8735531188732,24.0067422283943,65.53594,51.5663707184153,58.0699,21.8879803598737,21.8879803598737,18054383320.8474,0.451,"Other"
"Cote d'Ivoire",2004,288,16.5,71.1053199610773,24.164870833197,63.9953,49.0391368556992,54.554,23.0936137803389,23.0936137803389,23510575681.3686,0.451,"Other"
"Cote d'Ivoire",2006,249,16.4,71.326376049963,24.3205097542301,62.45466,46.4795844845881,52.9553,24.5514184482042,24.5514184482042,25281413263.3712,0.455,"Other"
"Cote d'Ivoire",2008,219,16.9,71.5377104551999,24.4742852236951,60.91402,43.2650342152048,50.8651,26.0411623083941,26.0411623083941,34078240293.2559,0.461,"Other"
"Cote d'Ivoire",2010,196,18.3,71.7379636235924,24.6253454515468,59.37338,41.595297944419,48.7766,27.5606050351637,27.5606050351637,34936307980.063,0.47,"Other"
"Cote d'Ivoire",2012,178,20.6,71.928094480601,28.7375709803376,57.83274,51.355889030092,49.1704,29.1096545103652,29.1096545103652,36302302877.2977,0.474,"Other"
"Cote d'Ivoire",2014,165,23.3,72.1071370058076,33.2507794211575,56.2921,38.9323349133904,48.6368,30.6863860760485,30.6863860760485,48843005613.7091,0.499,"Other"
"Cote d'Ivoire",2016,153,27.3,72.2826047701817,36.7854755505636,54.75146,55.6539855341019,50.9716,32.2972577718512,32.2972577718512,48407761036.8238,0.506,"Other"
"Cote d'Ivoire",2018,142,32.1,72.4557428748714,40.3810137249807,53.21082,50.8958061004876,52.2418,33.9428009638578,33.9428009638578,58522477786.6889,0.522,"Other"
"Cote d'Ivoire",2020,132,37.4,72.6253447367345,43.6416406173766,53.21082,49.4977827339493,54.2048,35.6210684573158,35.6210684573158,63027852805.4204,0.53,"Other"
"Dominican Republic",2000,78,84.4,90.7924722514787,41.9590718272735,30.15546,19.0738112994015,31.4909,76.9636611789654,76.9636611789654,24305780628.6677,0.646,"Americas"
"Dominican Republic",2002,58,85.6,91.435646539085,42.2025337604448,27.79214,18.832373469996,34.6664,77.9820353057035,77.9820353057035,27137440786.2562,0.657,"Americas"
"Dominican Republic",2004,63,86.3,92.1921556677702,42.5745983047639,25.42881,18.3465652297896,31.7898,79.1254708313504,79.1254708313504,22322387382.494,0.663,"Americas"
"Dominican Republic",2006,62,86.7,92.913697850273,42.9501173510366,23.06549,18.0088110623915,35.3002,80.2769680495933,80.2769680495933,37879830084.2627,0.684,"Americas"
"Dominican Republic",2008,57,87.1,93.5748270114348,43.3042055975017,20.70217,17.7216483065249,36.7665,81.4129705361053,81.4129705361053,48122601530.3324,0.697,"Americas"
"Dominican Republic",2010,51,87.5,94.1760683245957,43.6347382876146,18.33885,17.5360829581378,37.8007,82.5312234804459,82.5312234804459,53860187257.9593,0.707,"Americas"
"Dominican Republic",2012,54,87.9,94.6933128036424,43.9085944864059,15.97552,17.6468205135185,39.0985,83.6001473961909,83.6001473961909,60681535652.5373,0.718,"Americas"
"Dominican Republic",2014,54,88.6,95.1580058945339,44.1550220923269,13.6122,18.9396637119659,39.3629,84.647073342206,84.647073342206,67179955677.2791,0.728,"Americas"
"Dominican Republic",2016,51,89.6,95.5814520794296,44.3844165394738,11.24888,19.2491722418682,43.1545,85.6816410321982,85.6816410321982,75704647877.6559,0.759,"Americas"
"Dominican Republic",2018,45,90.7,95.9642010802929,44.5939613974756,11.24888,19.5892802619564,44.8913,86.7010103958204,86.7010103958204,85555390139.118,0.763,"Americas"
"Dominican Republic",2020,42,91.9,96.3065793359028,44.7787855135927,11.24888,19.8267440369685,42.9458,87.7003894263525,87.7003894263525,78844656298.1776,0.76,"Americas"
"Ecuador",2000,68,88.5,82.307372343955,58.2030485527504,57.41273,43.2126751514231,87.3633,70.2769836057393,70.2769836057393,17539454727.3637,0.684,"Americas"
"Ecuador",2002,55,90.5,83.7853304814912,59.2665603894288,57.84727,43.0813974104958,88.9131,72.0815379211086,72.0815379211086,27054197000,0.697,"Americas"
"Ecuador",2004,58,91.8,85.2242831812291,60.2214424234426,57.8,42.9326149031908,91.295,73.7606513816893,73.7606513816893,35194947000,0.708,"Americas"
"Ecuador",2006,41,92.7,86.661280805982,61.1739057460291,57.8,40.6649998941415,92.965,75.9674946038846,75.9674946038846,45690762000,0.719,"Americas"
"Ethiopia",2000,421,0.9,18.6823027003951,5.04384634705735,92.17158,27.3299911491215,179.3004,2.79389711000458,2.79389711000458,8242349617.8638,0.286,"Africa"
"Ethiopia",2002,393,0.9,21.77133078604,5.59343665797539,89.07633,27.5334972430797,198.7291,3.39684063568474,3.39684063568474,7850809498.16803,0.305,"Africa"
"Ethiopia",2004,358,1.1,24.8131815247792,5.97607492793851,85.98109,27.6643794033033,153.283,4.0092482931609,4.0092482931609,10131187261.4421,0.323,"Africa"
"Ethiopia",2006,325,1.3,27.8082946441902,6.42705681233099,82.88584,28.0862784176008,163.2635,4.61983246123029,4.61983246123029,15280861834.6024,0.359,"Africa"
"Ethiopia",2008,296,1.6,30.8752129693809,7.01883991216426,79.7906,29.3093559085695,192.5951,5.24481811104458,5.24481811104458,27066912635.2228,0.391,"Africa"
"Ethiopia",2010,268,2.2,33.98875142441,7.74293650405208,76.69536,30.721062308711,202.3464,5.88367348842843,5.88367348842843,29933790334.3418,0.409,"Africa"
"Ethiopia",2012,239,3,37.0481962437743,8.53826122202629,73.60011,32.643963058463,160.8926,6.51408999312917,6.51408999312917,43310721414.0829,0.426,"Africa"
"Ethiopia",2014,207,3.8,40.034664721558,9.3904846134397,70.50487,29.7131511992912,174.568,7.1320081780504,7.1320081780504,55612228233.5179,0.445,"Africa"
"Ethiopia",2016,177,4.9,42.9651586197148,10.308997223031,67.40962,30.9271256840247,184.5496,7.74355073772014,7.74355073772014,74296745207.8721,0.465,"Africa"
"Ethiopia",2018,151,6,45.8381608718736,11.2910758539614,64.31438,30.2623392192692,192.9853,8.34992303821713,8.34992303821713,84269196625.8784,0.479,"Africa"
"Ethiopia",2020,129,7.4,48.6553476821695,12.3362032791012,64.31438,27.3053276470482,211.7687,8.95353751323462,8.95353751323462,107657734392.446,0.489,"Africa"
"Fiji",2002,23,28.2,94.8709690390527,39.4308391558438,15,13.0520184992211,3.108,87.6998341010554,87.6998341010554,1833279985.36741,0.671,"Western Pacific"
"Fiji",2004,20,28.45,94.914794848648,39.6295639552361,15,12.8482680746271,3.8706,88.9689419190711,88.9689419190711,2708078476.63012,0.682,"Western Pacific"
"Fiji",2006,17,29.1,94.9596473119568,39.8282310201414,14.5,12.6984896212967,3.7512,89.9493446355002,89.9493446355002,3076305452.86506,0.687,"Western Pacific"
"Fiji",2008,16,30.5,95.0125414917812,40.0519007038233,13.5,12.5346619260234,3.3413,90.6391438709654,90.6391438709654,3523185919.55826,0.693,"Western Pacific"
"Fiji",2010,27,32.4,95.0769806101148,40.3123113567934,12.5,12.4149926761009,3.9505,91.2985218075568,91.2985218075568,3140166712.79624,0.699,"Western Pacific"
"Fiji",2012,30,35,95.1429467538414,40.5733085775711,11.4,12.692818373804,3.2531,91.9124417799051,91.9124417799051,3972028104.47328,0.707,"Western Pacific"
"Fiji",2014,55,38.3,95.2100702737926,40.8336182750267,10.4,12.1427162201265,3.1009,92.4811611042925,92.4811611042925,4857104791.41609,0.715,"Western Pacific"
"Fiji",2016,45,42.7,95.2786366784068,41.0942565572622,9.4,12.3284242671983,3.197,93.0055130874559,93.0055130874559,4930213634.35692,0.721,"Western Pacific"
"Fiji",2018,54,47.3,95.348273323691,41.3539489881601,9.4,12.7353038744821,3.5595,93.4859619479114,93.4859619479114,5581425324.91185,0.731,"Western Pacific"
"Fiji",2020,66,51.8,95.418355401602,41.6106492222705,9.4,12.4187981716598,3.3447,93.6215593594009,93.6215593594009,4432466237.09588,0.722,"Western Pacific"
"Georgia",2000,254,46.7,94.5605847174906,64.1165938183258,13.6,15.6475442783829,6.477,90.0389027465062,90.0389027465062,3057475335.18846,0.694,"Europe"
"Georgia",2002,228,48.8,94.7965436624631,64.1471656879787,13.6,15.3404190761104,4.8199,89.335064255715,89.335064255715,3395766677.67315,0.709,"Europe"
"Georgia",2004,192,52.1,95.1140775809711,64.6512521141568,13.2148,15.1903677941676,6.2255,88.8200726055262,88.8200726055262,5125365191.98664,0.727,"Europe"
"Georgia",2006,161,55.7,95.4255949594501,65.1519552300484,12.44783,15.421065141324,7.4035,88.4371063648121,88.4371063648121,7745250733.95067,0.744,"Europe"
"Georgia",2008,140,60.7,95.7312694490029,65.6502485922899,11.68087,16.4410733482129,7.2094,88.0778142304314,88.0778142304314,12795145130.9103,0.751,"Europe"
"Georgia",2010,127,66,95.1672307839579,66.1451750818776,10.9139,18.4461840249862,7.4589,87.7419001831827,87.7419001831827,12426907967.1578,0.763,"Europe"
"Georgia",2012,119,71,94.3204470689314,66.6372193854258,10.14694,23.0631259897014,9.8476,87.4293842768723,87.4293842768723,16894392033.2256,0.779,"Europe"
"Georgia",2014,106,76.8,93.4896105267785,67.1254394623702,9.37997,20.9791754789627,11.655,87.1398617763536,87.1398617763536,17966015109.3043,0.793,"Europe"
"Georgia",2016,92,81.9,93.7227221316814,67.6146181714504,8.61301,19.3139668885259,12.05,86.8749900829785,86.8749900829785,15444548901.9637,0.802,"Europe"
"Georgia",2018,80,86,94.1991085950245,68.1138148874751,7.84604,18.4542384404894,11.9434,86.6389145290057,86.6389145290057,17902544880.6471,0.816,"Europe"
"Georgia",2020,69,89.6,94.672099902079,68.6233933284084,7.07908,17.0438421058507,12.3552,86.4330577492273,86.4330577492273,16010869215.68,0.807,"Europe"
"Ghana",2000,216,6.3,65.2185051906446,12.096287575298,60.36841,63.1064681783884,29.5806,6.24573244330994,6.24573244330994,4982850662.20851,0.5,"Africa"
"Ghana",2002,212,7.5,67.1320851143851,13.2755197352788,57.00822,58.5079990125567,32.4504,7.23251503810142,7.23251503810142,6166197847.85031,0.506,"Africa"
"Ghana",2004,206,8.9,69.2452756848698,15.8079014306574,53.64802,51.0829457489213,31.1778,9.05994534742738,9.05994534742738,8881417906.71432,0.517,"Africa"
"Ghana",2006,199,10.7,71.3628223620326,18.6981146399445,50.28782,48.7854118185382,34.192,10.9638541974486,10.9638541974486,20885037596.6963,0.537,"Africa"
"Ghana",2008,191,12.75,73.4859835460909,21.717301839292,46.92763,48.0313214086965,36.5418,12.9418000356966,12.9418000356966,28679383241.0729,0.558,"Africa"
"Ghana",2010,183,15.3,75.6140589422072,24.8618900303009,43.56743,47.7510099685389,39.1091,14.9904419527654,14.9904419527654,32197655566.5347,0.571,"Africa"
"Ghana",2012,173,17.6,77.7475923856427,28.1298113056641,40.20724,56.9570423348518,45.4704,17.1069348843732,17.1069348843732,41271701060.954,0.583,"Africa"
"Ghana",2014,165,20.2,79.8844304386383,31.5144995436995,36.84704,43.9627293584075,48.1635,19.2871057808726,19.2871057808726,54783319817.3705,0.582,"Africa"
"Ghana",2016,156,22.9,82.0248834358595,35.0128106440634,33.48685,62.8889642906448,49.9331,21.5279300969224,21.5279300969224,56164929304.8754,0.586,"Africa"
"Ghana",2018,148,25.9,84.1689996175499,38.6210681678007,33.48685,56.0041825783104,56.3591,23.8263073809595,23.8263073809595,67298914624.3723,0.589,"Africa"
"Ghana",2020,140,28.3,86.3168084779609,42.3354561621678,33.48685,54.2427873097724,62.3792,26.179198602453,26.179198602453,70043099675.68,0.601,"Africa"
"Guatemala",2000,31,40.7,86.5006228387363,46.818888047931,55.49609,37.474592031175,-1.5301,61.3329226025355,61.3329226025355,19288929030.0508,0.551,"Americas"
"Guatemala",2002,30,38.9,87.2885097183164,47.7818078621464,53.25944,35.1317690659313,4.1014,62.2420520844094,62.2420520844094,20444205991.025,0.561,"Americas"
"Guatemala",2004,32,37.6,88.0545163490873,48.7440617625004,51.0228,31.9211611002083,8.3303,63.087911479412,63.087911479412,23577298094.6571,0.57,"Americas"
"Guatemala",2006,34,36.8,88.8063187940228,49.7126929118513,48.78615,29.5999508598572,15.6069,63.8875426515304,63.8875426515304,29744246827.1839,0.58,"Americas"
"Guatemala",2008,29,36.5,89.5469500271936,50.6911834745367,46.5495,27.5798309047198,23.4208,64.6483401320503,64.6483401320503,38503720224.3166,0.599,"Americas"
"Guatemala",2010,28,36.6,90.2759187313067,51.6789081490162,44.31286,26.652419867848,31.9907,65.3698828920577,65.3698828920577,40676578423.4871,0.613,"Americas"
"Guatemala",2012,28,37.6,90.9935414116309,52.6763315477089,42.07621,27.3005597247054,33.6661,66.0535930085137,66.0535930085137,49593929487.1263,0.62,"Americas"
"Guatemala",2014,25,38.7,91.7035730175933,53.6908483380312,39.83957,26.7327979035299,37.0453,66.7098797562999,66.7098797562999,57852153058.502,0.64,"Americas"
"Guatemala",2016,24,40.2,92.4065264510318,54.726141165585,37.60292,25.2167964925021,41.9801,67.3421315783412,67.3421315783412,66053403469.0024,0.633,"Americas"
"Guatemala",2018,26,42,93.1326357164894,55.2457121794635,37.6,23.2233964899274,43.8751,67.9496248369032,67.9496248369032,73328365862.4329,0.64,"Americas"
"Guatemala",2020,25,44,93.880093537322,55.7682368601755,37.6,21.6357355920496,43.9685,68.5313077967676,68.5313077967676,77719464220.73,0.638,"Americas"
"Guinea-Bissau",2008,361,1.1,58.5311084260917,20.1478049028966,75.2,48.8075318731546,1.8913,11.1050118138525,11.1050118138525,952667544.037289,0.426,"Africa"
"Guinea-Bissau",2010,361,1.1,59.1858600366544,20.731942283858,75.2,49.400457774959,2.1169,13.4760634593862,13.4760634593862,940112538.936436,0.441,"Africa"
"Guinea-Bissau",2012,361,1.1,59.7800704192315,21.3100808491234,75.24783,55.8088467950236,2.2758,15.9125580822648,15.9125580822648,1049412177.11413,0.454,"Africa"
"Guinea-Bissau",2014,361,1.1,60.3130027729524,21.8797984276954,71.63847,43.5593468461234,2.2582,18.4161430412753,18.4161430412753,1135250721.0374,0.465,"Africa"
"Guinea-Bissau",2016,361,1.1,60.7844520965081,22.4392222957992,68.0291,52.6997265729536,2.4652,20.9889037650551,20.9889037650551,1245074264.10396,0.476,"Africa"
"Guinea-Bissau",2018,361,1.1,61.1934743074354,22.9856159322566,64.41973,54.1409784310321,2.439,23.6322998602978,23.6322998602978,1554133593.91699,0.48,"Africa"
"Guinea-Bissau",2020,361,1,61.5396569932828,23.5168018782756,60.81037,50.2127655060307,2.5676,26.3482236537259,26.3482236537259,1646400349.84867,0.482,"Africa"
"Honduras",2000,122,30.1,85.351031542682,41.6014174635753,44.4,31.2179492340652,4.7449,64.256369585163,64.256369585163,7186638029.05875,0.553,"Americas"
"Honduras",2002,81,33.4,86.4980291927431,42.1483877054484,44.4,30.2462334556727,7.1285,66.276167141236,66.276167141236,7858255412.86038,0.561,"Americas"
"Honduras",2004,62,36.2,87.5566044676304,44.9249624132859,43.24,28.5787777048828,9.8498,68.2850684160251,68.2850684160251,8869299234.3377,0.57,"Americas"
"Honduras",2006,52,38.9,88.587372078387,47.8287335979325,40.9,26.8538605929398,10.1598,70.2477545799597,70.2477545799597,10917477066.1429,0.579,"Americas"
"Honduras",2008,44,40.75,89.5907538982251,50.8616720104067,38.56,24.7098957241816,14.3141,72.1657913188263,72.1657913188263,13881731875.7466,0.589,"Americas"
"Honduras",2010,43,42.4,90.5660867175185,54.0243982771408,36.22,23.6046775290367,14.2406,74.0395437244252,74.0395437244252,15839344591.9842,0.596,"Americas"
"Honduras",2012,44,44.1,91.5135812982773,57.318109831384,33.88,24.209066840265,16.317,75.870361572386,75.870361572386,18528554397.5695,0.596,"Americas"
"Honduras",2014,39,45,92.4330552871736,60.7430100788569,31.54,24.197048630279,16.4368,77.6591777188148,77.6591777188148,19756533971.8698,0.603,"Americas"
"Honduras",2016,39,46.5,93.3238929673688,62.5968367169324,31.5,22.8829846790784,17.3081,79.4064779253868,79.4064779253868,21717604952.1835,0.615,"Americas"
"Honduras",2018,37,47.6,94.1862868555701,63.5024966259911,31.5,20.5175969852982,16.0232,81.1136333169873,81.1136333169873,24067750760.499,0.614,"Americas"
"Hungary",2000,35,100,99.9645781932888,86.6312500738054,15.4,20.6558178895561,76.2689,98.0437306756402,98.0437306756402,47218405892.4258,0.773,"Europe"
"Hungary",2002,31,100,99.9650832845069,86.6755637751858,14.2,21.1522211901366,79.23,98.0396051591688,98.0396051591688,67608919144.3684,0.791,"Europe"
"Hungary",2004,26,100,99.9659049818677,86.7469457675827,12.9,21.8498407835233,77.8028,98.0329676627679,98.0329676627679,104120820258.669,0.802,"Europe"
"Hungary",2006,19,100,99.9669034443637,86.8344360656067,11.6,21.8234247969572,75.5445,98.0248241520022,98.0248241520022,115715618613.052,0.815,"Europe"
"Hungary",2008,16,100,99.9679574559251,86.9262229920522,10.4,20.9991432625418,69.6051,98.016288126426,98.016288126426,158325614580.628,0.824,"Europe"
"Hungary",2010,18,100,99.968930486175,87.0110028688324,9.1,20.465784622626,64.1321,98.0084031317034,98.0084031317034,132175349953.713,0.829,"Europe"
"Hungary",2012,13,100,99.9697006074986,87.0781782927788,7.9,18.932021260415,59.612,98.002153963048,98.002153963048,128814279315.132,0.833,"Europe"
"Hungary",2014,9.3,100,99.9702519413688,90.1140246823355,7.2,17.9397743889142,56.9728,97.9976802737997,97.9976802737997,141033843265.669,0.84,"Europe"
"Hungary",2016,8.6,100,99.9708056888519,93.1266726008545,7.2,16.2389389235353,60.8338,97.9931816013482,97.9931816013482,128609822750.039,0.843,"Europe"
"Indonesia",2000,370,6.7,75.2848191583704,23.5418444315928,35.12568,26.2052017856205,1134.5486,40.2172598962037,40.2172598962037,165021012077.81,0.597,"South-East Asia"
"Indonesia",2002,367,8.8,77.2244511616934,24.2112761835265,33.47149,25.5291686460049,813.4122,44.4149716714658,44.4149716714658,195660611165.183,0.614,"South-East Asia"
"Indonesia",2004,363,12.5,79.1261137314695,24.8734759966767,31.81729,24.8275783674222,1036.5488,48.6862011052539,48.6862011052539,256836875295.452,0.621,"South-East Asia"
"Indonesia",2006,357,18.5,80.9767562559622,25.5274177283386,30.1631,23.8860554289587,1875.4568,53.0210842646296,53.0210842646296,364570515618.358,0.643,"South-East Asia"
"Indonesia",2008,349,28.45,82.7767301263991,26.1730364870992,28.5089,22.6167038013704,987.9086,57.4122949055182,57.4122949055182,510228634992.255,0.649,"South-East Asia"
"Indonesia",2010,342,40.6,84.5326117527197,26.8071029221378,26.85471,20.5957258237696,987.39,61.8456968664636,61.8456968664636,755094157594.524,0.667,"South-East Asia"
"Indonesia",2012,335,52.6,86.2129184659501,27.4062128481355,25.20051,19.553351601333,1598.7332,66.2697088884734,66.2697088884734,917869913364.917,0.682,"South-East Asia"
"Indonesia",2014,329,63,87.8579420521054,27.9969893991559,23.54632,18.5354648917633,1823.1445,70.7394179842329,70.7394179842329,890814755511.014,0.69,"South-East Asia"
"Indonesia",2016,322,71.6,89.4676670658379,28.5792308144962,21.89212,19.1310042759597,1464.2878,75.2488988194538,75.2488988194538,931877364034.196,0.701,"South-East Asia"
"Indonesia",2018,316,78.9,91.0407971895122,29.1515575689813,20.23793,18.4371895829409,1833.1089,79.7909218571099,79.7909218571099,1042271532953.49,0.712,"South-East Asia"
"Indonesia",2020,301,84.8,92.5873956949722,29.71391557951,19.41083,17.8814994983985,2029.5169,84.3612056704486,84.3612056704486,1059054842711.55,0.712,"South-East Asia"
"Ireland",2000,12,100,97.2116915316311,64.4293757984351,6.2,12.5487773722991,81.4684,90.5451771054511,90.5451771054511,100207610429.909,0.851,"Europe"
"Ireland",2002,11,100,97.0826265179365,64.6460388612419,6.4,12.3040622950093,83.3659,90.4175604321002,90.4175604321002,128596035288.401,0.868,"Europe"
"Ireland",2004,12,100,96.9518100323956,64.8996303809119,6.7,12.0241812631519,80.6997,90.2843108401189,90.2843108401189,194372115041.065,0.888,"Europe"
"Ireland",2006,12,100,96.8195960916376,74.1724102550088,6.9,11.5711334006069,83.1061,90.1487253624091,90.1487253624091,232180617162.279,0.898,"Europe"
"Ireland",2008,11,100,96.6871439295448,83.194532272374,7.2,10.7846711934217,77.8404,90.0171077629064,90.0171077629064,275447471451.063,0.905,"Europe"
"Ireland",2010,9.8,100,96.5536018695621,92.0527811566249,7.5,10.3475907744569,72.2088,89.883283669164,89.883283669164,221985621537.5,0.908,"Europe"
"Ireland",2012,8.6,100,96.4189638953027,95.0211573137157,7.7,9.58893302932057,68.0151,89.7472090427931,89.7472090427931,227270922957.327,0.907,"Europe"
"Ireland",2014,7.4,100,96.2832427205083,95.1996251485082,8,8.84472665206141,67.5212,89.6089498826751,89.6089498826751,266787238499.03,0.918,"Europe"
"Ireland",2016,7.1,100,96.1464377731388,95.3761376769229,8.3,8.11019374827621,73.0308,89.4684641229552,89.4684641229552,305733136180.907,0.929,"Europe"
"Ireland",2018,7,100,96.0079441237886,95.5500823112871,8.5,8.2986369369357,69.3707,89.3232584004699,89.3232584004699,395461216460.418,0.938,"Europe"
"Ireland",2020,5.3,100,96.0000577460047,95.8535366790098,8.5,8.17058601306707,65.2981,89.2906506461063,89.2906506461063,436555518400.451,0.945,"Europe"
"Jordan",2000,7.5,99.6,98.5618157391789,53.4944669728529,40.01581,24.2289680813746,19.5403,98.7373908025747,98.7373908025747,8460789844.8519,0.681,"Eastern Mediterranean"
"Jordan",2002,7.3,99.7,98.5737636959146,53.4996419009404,37.68646,25.673619164606,20.7139,98.6513818934278,98.6513818934278,9582510578.27927,0.691,"Eastern Mediterranean"
"Jordan",2004,7.3,99.8,98.5856665194469,53.5048495390942,35.35711,28.4396654808796,23.0016,98.4947554047565,98.4947554047565,11411706629.055,0.707,"Eastern Mediterranean"
"Jordan",2006,7.8,99.9,98.6578939817567,55.5552336107316,33.02776,30.5872298056799,25.0781,98.3151224936239,98.3151224936239,15056981664.3159,0.719,"Eastern Mediterranean"
"Jordan",2008,6.8,99.9,98.7308128523099,59.7810476593512,30.6984,32.6229787911999,25.9172,98.1392045364686,98.1392045364686,22658715989.3302,0.726,"Eastern Mediterranean"
"Jordan",2010,5.8,99.9,98.7953569289247,64.0388292692852,28.36905,33.5950845427671,26.2228,97.9706013227248,97.9706013227248,27133804225.3521,0.727,"Eastern Mediterranean"
"Jordan",2012,5.1,99.9,98.8523065327898,68.3241321250131,26.0397,29.0244573141249,30.9351,97.8077286027056,97.8077286027056,31634561690.1408,0.736,"Eastern Mediterranean"
"Jordan",2014,5.4,99.9,98.9022105490586,72.6332166995111,23.71035,30.2022455384946,32.916,97.6490899925234,97.6490899925234,36847643521.1268,0.737,"Eastern Mediterranean"
"Jordan",2016,5.4,99.9,98.9225522204197,76.9894906737603,21.381,28.3754804489745,33.191,97.4769632653806,97.4769632653806,39892551126.7606,0.74,"Eastern Mediterranean"
"Jordan",2018,5,99.9,98.9419874513741,81.3508129682009,19.05165,30.8911213683016,33.8374,97.3063193499305,97.3063193499305,43370860704.2254,0.742,"Eastern Mediterranean"
"Jordan",2020,4.6,99.9,98.9605142327008,85.7168391097819,16.72229,28.7737639174179,30.5796,97.1369464126124,97.1369464126124,43700383098.5916,0.74,"Eastern Mediterranean"
"Kazakhstan",2000,171,84.2,90.1456856906055,63.1020848734293,24.45811,16.6954213743656,235.0397,96.8030172339136,96.8030172339136,18291990662.0356,0.68,"Europe"
"Kazakhstan",2002,193,86.1,90.9003046170282,64.9297312497977,21.67406,16.4825220143121,245.3203,96.8623685856494,96.8623685856494,24636598527.4437,0.706,"Europe"
"Kazakhstan",2004,195,87.9,91.5952525015184,68.0893780089335,18.89002,16.5070331657383,271.0506,96.9812236149291,96.9812236149291,43151647002.6096,0.729,"Europe"
"Kazakhstan",2006,175,89.3,92.2865657278416,71.3016563945327,16.10598,16.8840447043122,301.5886,97.119955796265,97.119955796265,81003864630.018,0.75,"Europe"
"Kazakhstan",2008,158,90.5,92.9742349552247,74.5659474483935,13.32194,18.0929972634543,350.8362,97.2581648088745,97.2581648088745,133441648851.982,0.757,"Europe"
"Kazakhstan",2010,144,91.6,93.658151284706,77.8813257525504,10.5379,20.5118750922389,335.0229,97.3958712664256,97.3958712664256,148047348240.643,0.766,"Europe"
"Kazakhstan",2012,122,92.4,94.3385051458283,81.2478313374249,7.75386,27.2031824448933,345.0548,97.5330382592662,97.5330382592662,207998568865.789,0.781,"Europe"
"Kazakhstan",2014,91,93,94.8292003225759,84.4887087164124,4.96982,23.8358367012493,314.3015,97.6696969783426,97.6696969783426,221415613595.469,0.794,"Europe"
"Kazakhstan",2016,73,93.4,95.2205093968163,87.6854187180022,2.18578,22.7637525232887,295.3172,97.8058212502577,97.8058212502577,137278320084.171,0.797,"Europe"
"Kazakhstan",2018,67,93.4,95.4202366981964,89.3098182316854,0.79376,20.5938700993782,322.4054,97.8718934408366,97.8718934408366,179339977690.485,0.804,"Europe"
"Kazakhstan",2020,67,93.5,95.434966101715,89.3346437095975,0.79376,20.0278724259165,316.4268,97.8671160219659,97.8671160219659,171082365861.423,0.806,"Europe"
"Lesotho",2000,827,16,65.636611158019,8.85261668155209,62.72729,24.5043099431081,10.2738,8.05081252635009,8.05081252635009,887291687.920796,0.456,"Africa"
"Lesotho",2002,1010,19.2,66.3542082338942,10.6104269256094,62.72729,22.7786136777816,10.167,12.7671556876899,12.7671556876899,775777238.55814,0.449,"Africa"
"Lesotho",2004,1150,22.4,67.0966895514577,12.4615956322682,58.59683,20.9238190524334,10.2046,17.3400175380548,17.3400175380548,1511236655.52047,0.448,"Africa"
"Lesotho",2006,1230,25.4,67.8645033042361,14.408210007123,54.46637,21.0739780096359,10.5978,21.8118480082732,21.8118480082732,1800092563.75462,0.444,"Africa"
"Lesotho",2008,1240,28.5,68.6157485170912,16.3546204645558,50.33592,23.784393532221,10.0407,26.1665222050084,26.1665222050084,1766902709.19935,0.453,"Africa"
"Lesotho",2010,1180,31.1,69.3885918469781,18.3857193340094,46.20546,26.338001871042,10.3808,30.4253043022921,30.4253043022921,2234754241.91918,0.47,"Africa"
"Lesotho",2012,1040,33.6,70.154778546095,20.3828074785916,42.075,26.5241576357391,10.4791,34.5834307451435,34.5834307451435,2477702216.26888,0.489,"Africa"
"Lesotho",2014,853,35.9,70.9091710075085,22.0892423225197,37.94455,26.801156032785,10.3817,38.6477300190175,38.6477300190175,2441063054.05792,0.5,"Africa"
"Lesotho",2016,721,37.8,71.681200471811,23.8441191493482,33.81409,25.3734080229079,10.3539,42.6251539735365,42.6251539735365,2114426452.2019,0.518,"Africa"
"Lesotho",2018,659,39.2,72.4725685079459,25.6507852521301,29.68363,23.0240026773582,10.3929,46.5155954019209,46.5155954019209,2556247291.99785,0.525,"Africa"
"Lesotho",2020,600,40.2,73.2889187141576,27.5216836619161,25.55318,23.4391013240086,10.4487,50.3180750724947,50.3180750724947,2053699870.07191,0.53,"Africa"
"Madagascar",2000,293,1.3,36.9481213461385,6.93422792661854,91.43569,11.9155371328738,62.0117,3.82452274708438,3.82452274708438,4629247203.84524,0.438,"Africa"
"Madagascar",2002,280,1.2,38.2126799889212,8.05968949541681,89.03413,12.2058972037035,58.3643,4.72902493987506,4.72902493987506,5351701663.40807,0.442,"Africa"
"Madagascar",2004,268,1.1,39.4738982619878,9.25025815338349,86.63257,12.4562272679398,60.0282,5.63879497378888,5.63879497378888,5064732626.29389,0.459,"Africa"
"Madagascar",2006,257,1.1,41.0378421311969,10.6358995156338,84.23101,12.851012042078,62.8451,6.60626040079226,6.60626040079226,6395712490.94304,0.469,"Africa"
"Madagascar",2008,248,1,42.6055743876338,12.1053840846591,81.82945,13.4665519107277,64.0191,7.58477424817969,7.58477424817969,10725137723.6549,0.485,"Africa"
"Madagascar",2010,241,1,44.1727775368766,13.6576266289381,79.42789,14.5239072617107,65.0288,8.57423264087617,8.57423264087617,9982711338.07029,0.488,"Africa"
"Madagascar",2012,236,1,45.7379371546935,15.2925667357711,77.02633,14.7009701749296,66.4911,9.57497722568056,9.57497722568056,11578975061.9479,0.492,"Africa"
"Madagascar",2014,233,1,47.299102963258,16.7630080347729,74.62477,15.00220058015,67.5551,10.5872296200375,10.5872296200375,12522957399.2281,0.497,"Africa"
"Madagascar",2016,233,1,48.854353375217,18.0266900658694,72.22321,16.138736457425,68.1264,11.6111708642625,11.6111708642625,11848613858.442,0.501,"Africa"
"Madagascar",2018,233,1.1,50.4022432734825,19.3598230600213,69.82165,12.7238095692816,67.5266,12.6470453599113,12.6470453599113,13760033282.2925,0.502,"Africa"
"Madagascar",2020,233,1.35,51.9400233315503,20.7635333183938,67.42009,12.7535199510191,69.3717,13.6947389718241,13.6947389718241,13051441203.9474,0.486,"Africa"
"Malawi",2000,386,2.05,53.8551503867891,6.93072328132276,81.41073,23.0191141072171,8.0743,9.35119168326581,9.35119168326581,2537307580.32808,0.378,"Africa"
"Malawi",2002,401,2.1,55.5306960967453,7.68051574187715,77.89671,22.9554559880107,8.2235,9.35480607328341,9.35480607328341,5087328437.8737,0.394,"Africa"
"Malawi",2004,402,2.1,57.1948248177515,8.46742090607843,74.38269,22.8344376653838,8.5243,9.35853809192232,9.35853809192232,5058726350.48896,0.41,"Africa"
"Malawi",2006,392,2.1,58.8474613731577,9.29131815990356,70.86866,22.88596892288,9.6097,13.9195187317472,13.9195187317472,5818279739.14354,0.426,"Africa"
"Malawi",2008,371,2.2,60.488516312097,10.1520807536763,67.35464,23.3640822987324,10.8883,18.4488656942881,18.4488656942881,7743617352.21427,0.442,"Africa"
"Malawi",2010,338,2.3,62.127463511403,11.0627064610518,63.84062,24.3489614356053,11.8406,22.9502207251724,22.9502207251724,10128323010.6049,0.461,"Africa"
"Malawi",2012,291,2.4,63.7660224661247,12.0292544123907,60.32659,26.4999840992823,13.8524,27.422603378864,27.422603378864,8773203178.16512,0.476,"Africa"
"Malawi",2014,228,2.3,65.4019636230554,13.0532852603648,56.81257,25.9973398435068,13.9292,31.8630595655518,31.8630595655518,8801326169.14547,0.493,"Africa"
"Malawi",2016,176,2.2,67.0329347081967,14.1363136398145,53.29854,24.9604610605181,14.7302,36.2684898041781,36.2684898041781,7909868618.46366,0.501,"Africa"
"Malawi",2018,153,1.9,68.6566613091595,15.280214141913,49.78452,21.1973847101807,16.9424,40.6356736680772,40.6356736680772,9879231591.52434,0.509,"Africa"
"Malawi",2020,138,1.7,70.2704690844752,16.4864046136865,49.78452,23.6983194353464,18.3358,44.9611498947132,44.9611498947132,11769313597.8545,0.512,"Africa"
"Mexico",2000,23,82.5,90.6043820368074,39.5926569181504,32.16297,30.8563115445805,426.6185,77.7475158917068,77.7475158917068,742061329643.37,0.709,"Americas"
"Mexico",2002,22,83.7,91.7391646143139,39.959240354677,30.44793,28.3754133915972,453.963,79.2657534926557,79.2657534926557,810666116505.478,0.719,"Americas"
"Mexico",2004,18,84.8,92.8555799319342,40.318105067581,28.73289,24.7337157175082,487.7311,80.7461576631509,80.7461576631509,819459227375.022,0.729,"Americas"
"Mexico",2006,21,85.2,93.9533047726709,40.6693180811485,27.01784,22.3696630456356,539.6423,82.1895486593841,82.1895486593841,1020265057882.01,0.741,"Americas"
"Mexico",2008,21,85.4,95.0155943324326,41.0130993031376,25.3028,20.4969000798536,573.0672,83.5973565911458,83.5973565911458,1161553459715.1,0.745,"Americas"
"Mexico",2010,22,85.1,95.7953211176627,41.3496652352526,23.58776,19.6596319675283,596.9845,84.9709827739648,84.9709827739648,1105424238731.09,0.747,"Americas"
"Mexico",2012,22,84.7,96.5596662108125,41.6795917218201,21.87272,20.1560213023659,634.003,86.3134473539737,86.3134473539737,1255110424817.79,0.76,"Americas"
"Mexico",2014,22,84.4,97.3088202170104,42.0029610367773,20.15767,19.667850241261,626.0798,87.6255975088182,87.6255975088182,1364507717614.13,0.765,"Americas"
"Mexico",2016,22,84.7,98.0427474926673,42.3197577947125,18.44263,18.8449182383899,635.7535,88.9078238625309,88.9078238625309,1112233497452.7,0.773,"Americas"
"Mexico",2018,23,85,98.7615454576756,42.6300240465305,17.6,16.652186272493,606.9065,90.1607704691038,90.1607704691038,1256300182879.73,0.779,"Americas"
"Mexico",2020,23,85.4,99.3687045328802,42.8921018203856,17.6,14.9923440243315,558.1572,91.3853355718832,91.3853355718832,1121064767261.88,0.757,"Americas"
"Moldova",2000,80,62.6,82.9191762020796,40.3532833936746,26.5,28.7598551759854,11.0313,71.59461816846,71.59461816846,1288429391.79951,0.655,"Europe"
"Moldova",2002,104,70.4,83.5931574476972,44.215875203015,23.7,26.3369851224783,11.7672,72.3143220268056,72.3143220268056,1661818168.4226,0.671,"Europe"
"Moldova",2004,133,78.2,84.2858248843836,48.2670507348227,20.8,23.6201492137492,12.7054,73.205652583647,73.205652583647,2598249555.89984,0.691,"Europe"
"Moldova",2006,138,84.5,85.100053203952,52.7706297271939,18,22.0460713433789,12.4656,74.4134127854106,74.4134127854106,3408255450.5509,0.706,"Europe"
"Moldova",2008,125,89,85.9526894490116,57.4970577802968,15.1,20.9039198271145,12.651,75.6828033174088,75.6828033174088,6054824248.24221,0.718,"Europe"
"Moldova",2010,116,92,86.807397646256,62.3519541224671,12.3,20.4084787372334,13.5108,76.9677005639759,76.9677005639759,6974982369.60155,0.716,"Europe"
"Moldova",2012,124,94.1,87.6641847043877,67.335689452346,9.4,20.3835846673482,13.6076,78.2681510565517,78.2681510565517,8709138634.82921,0.722,"Europe"
"Moldova",2014,115,95.65,88.5230477822304,72.4486241090461,6.5,18.7371163449526,13.6766,79.5841919776636,79.5841919776636,9402090137.7423,0.749,"Europe"
"Moldova",2016,101,96.6,89.3834604746081,73.105944709261,6.5,17.0561198558818,14.2823,80.9273415761321,80.9273415761321,7980917075.7748,0.755,"Europe"
"Moldova",2018,86,97,90.2559755932964,73.7892172048201,6.5,17.080793755092,15.067,82.2969313505851,82.2969313505851,11252353420.8798,0.767,"Europe"
"Mongolia",2000,428,22.6,62.4953614169164,18.2558746064024,57.60411,21.3981446125931,0.2423,44.1796872523233,44.1796872523233,1136896123.61298,0.595,"Western Pacific"
"Mongolia",2002,428,23.6,65.2631885127539,20.1966350593652,53.63156,21.2157465725794,-4.7524,45.7307298595951,45.7307298595951,1396555719.97409,0.615,"Western Pacific"
"Mongolia",2004,428,25,67.9189653068814,22.2200837957128,49.65902,20.893688863837,-5.2278,47.9419219894717,47.9419219894717,1992066808.09598,0.646,"Western Pacific"
"Mongolia",2006,428,27.3,70.4564922690515,24.3155537506641,45.68648,21.2574073192077,3.4735,50.8680989175166,50.8680989175166,3414055661.61598,0.669,"Western Pacific"
"Mongolia",2008,428,30.7,72.8790843201777,26.4774145319583,41.71394,23.4954758255364,7.3185,53.7875711591003,53.7875711591003,5623216608.04288,0.69,"Western Pacific"
"Mongolia",2010,428,34.9,75.1827087064584,28.6950318325097,37.7414,27.9160191026285,13.8816,56.6892307138482,56.6892307138482,7189481998.90094,0.7,"Western Pacific"
"Mongolia",2012,428,38.6,76.6971420236104,30.4405847355056,33.76886,38.2318589751567,20.4535,59.1478903931974,59.1478903931974,12292770631.565,0.72,"Western Pacific"
"Mongolia",2014,428,42.7,78.0492712740592,32.1111890046251,29.79631,32.6310214465256,25.1627,61.555210784295,61.555210784295,12226514668.0622,0.735,"Western Pacific"
"Mongolia",2016,428,45.9,79.3990823170909,33.8220542330642,25.82377,34.394850770545,31.5179,64.0106918008604,64.0106918008604,11181350649.3573,0.741,"Western Pacific"
"Mongolia",2018,428,48.9,80.7515587657682,35.5777930570137,21.85123,30.340789040395,41.297,66.5167034590932,66.5167034590932,13178094720.4986,0.754,"Western Pacific"
"Mongolia",2020,402,51.7,82.1241197629958,37.397381385685,17.87869,29.6547866481682,40.0978,69.0822540941425,69.0822540941425,13312981429.0891,0.74,"Western Pacific"
"Morocco",2000,115,89.8,64.7959021092167,41.5165660778488,33.15472,26.2794045322845,57.8515,67.66782238601,67.66782238601,43017455401.8445,0.525,"Eastern Mediterranean"
"Morocco",2002,116,91.7,66.5885809593139,42.3930789891231,30.36674,26.3732332307781,63.36,69.7649049930659,69.7649049930659,47077192187.6418,0.547,"Eastern Mediterranean"
"Morocco",2004,99,93.2,68.5102152427062,43.2616173654718,27.57876,26.4269692920543,69.0075,72.2380123762747,72.2380123762747,66114145451.0067,0.564,"Eastern Mediterranean"
"Morocco",2006,97,94.6,70.6676089659344,44.3692827735523,24.79078,26.5559544015872,73.9386,74.1286263488446,74.1286263488446,75883823300.8545,0.576,"Eastern Mediterranean"
"Morocco",2008,98,95.7,72.8173346439623,47.7395908369048,22.0028,26.858954011948,77.9491,76.0270427371128,76.0270427371128,101822906949.063,0.59,"Eastern Mediterranean"
"Morocco",2010,101,96.6,74.9321261036749,53.5176705405434,19.21482,27.0346621884598,82.5236,77.918633263736,77.918633263736,100865329473.44,0.604,"Eastern Mediterranean"
"Morocco",2012,99,97.2,77.0103247140373,59.4948214949835,16.42684,23.517027783633,90.9301,79.8028890316832,79.8028890316832,106937392311.129,0.626,"Eastern Mediterranean"
"Morocco",2014,101,97.7,79.0494793784529,65.6567410963589,13.63886,22.5756463722019,93.6841,81.6787840039995,81.6787840039995,119130841411.664,0.645,"Eastern Mediterranean"
"Morocco",2016,103,97.9,81.048169800734,69.9010903640328,10.85088,24.7545943744621,96.7492,83.5458715010734,83.5458715010734,111572947004.917,0.662,"Eastern Mediterranean"
"Morocco",2018,99,98.1,84.0333811702361,73.1541232511864,10.85088,23.1856283839847,102.6821,85.4034658197899,85.4034658197899,127341147581.818,0.677,"Eastern Mediterranean"
"Morocco",2020,96,98.1,85.9187628261055,73.9121802066915,10.85088,21.3212642117301,106.2591,87.2504343475577,87.2504343475577,121353645057.144,0.683,"Eastern Mediterranean"
"Myanmar",2000,555,2,47.7268532369647,27.5142565951058,29.39935,39.5272329221873,143.3507,63.4598761862451,63.4598761862451,8905066163.58643,0.407,"South-East Asia"
"Myanmar",2002,554,2.5,50.6713196252269,30.4343032817297,32.60843,40.1768875885917,146.4953,64.5659721349404,64.5659721349404,6777632512.0781,0.425,"South-East Asia"
"Myanmar",2004,549,3.4,53.6965766171392,33.4594569762946,35.81751,40.9869354273807,156.8485,65.6650226981939,65.6650226981939,10567354056.4049,0.445,"South-East Asia"
"Myanmar",2006,540,4.5,56.8017092189817,36.589093422906,39.02659,40.5461049761885,167.419,66.7569454756528,66.7569454756528,14502553709.8303,0.466,"South-East Asia"
"Myanmar",2008,530,6.4,59.9857724295587,39.8225682572276,42.23566,38.2071243111665,167.6616,67.8416370024388,67.8416370024388,31862554101.9378,0.461,"South-East Asia"
"Myanmar",2010,500,9.1,63.2478211567168,43.1592342519646,45.44474,34.3133485983332,169.4334,68.8298210389307,68.8298210389307,49540813342.4834,0.506,"South-East Asia"
"Myanmar",2012,453,13.1,66.5868862184781,45.9844227449976,48.65382,33.179223857355,169.935,69.807531674854,69.807531674854,59937796648.2158,0.526,"South-East Asia"
"Myanmar",2014,411,18,70.0019904371487,48.6638585833252,51.8629,31.2218892689358,179.1305,70.7745834946792,70.7745834946792,65531374199.6742,0.548,"South-East Asia"
"Myanmar",2016,372,24.3,73.5016743679592,51.4178037948084,55.07197,31.1703866445543,189.6985,71.7359385456596,71.7359385456596,63298361996.2153,0.567,"South-East Asia"
"Myanmar",2018,338,31.9,77.0863359395665,54.2449405890936,58.28105,31.5559916967562,209.0026,72.6910428346126,72.6910428346126,67860515989.517,0.595,"South-East Asia"
"Myanmar",2020,306,40.75,80.7287633167077,56.7710258366465,58.28105,32.3150340028667,212.4116,73.6368789464518,73.6368789464518,79006113643.1906,0.615,"South-East Asia"
"Nepal",2000,417,5.3,79.6697888529143,26.7410655283817,66.31029,57.9103771850316,19.8028,13.9643034202623,13.9643034202623,5494252207.90502,0.461,"South-East Asia"
"Nepal",2002,393,8.1,80.936422443979,27.2995745029258,63.41828,58.7692779115223,19.8953,19.0765230183174,19.0765230183174,6050875806.66403,0.469,"South-East Asia"
"Nepal",2004,371,11.4,82.1397139231249,27.8205510220552,60.52627,59.5512460377322,20.6524,24.4122734406566,24.4122734406566,7273938314.71988,0.484,"South-East Asia"
"Nepal",2006,350,14.9,83.3170381280125,28.3375311333259,57.63426,58.323855130818,21.1447,30.0222708409922,30.0222708409922,9043715355.8881,0.503,"South-East Asia"
"Nepal",2008,329,18.1,84.4678253980994,28.8504224550179,54.74225,52.2512026076732,22.6488,35.9028115449213,35.9028115449213,12545438605.3959,0.518,"South-East Asia"
"Nepal",2010,311,21.4,85.5911073264404,29.358671635599,51.85024,48.378383727955,25.113,42.0493403726571,42.0493403726571,16002656434.4746,0.543,"South-East Asia"
"Nepal",2012,293,24.7,86.686530708514,29.8626529684017,48.95823,71.4060546576235,27.9024,48.4581805623339,48.4581805623339,21703100877.1309,0.557,"South-East Asia"
"Nepal",2014,276,28.1,87.7533252357355,26.9763865296721,46.06622,75.117974167847,29.6594,55.1248076174692,55.1248076174692,22731612922.1906,0.567,"South-East Asia"
"Nepal",2016,260,31.3,88.7902053889185,23.9865548091818,43.17421,72.4074854195922,33.1137,62.0434751947027,62.0434751947027,24524109483.5293,0.574,"South-East Asia"
"Nepal",2018,245,34.3,89.7957758492581,20.8958654198582,40.2822,64.2108322791754,39.0942,69.207890923476,69.207890923476,33111525237.149,0.588,"South-East Asia"
"Nepal",2020,226,36.9,90.7685835327375,17.7071179880758,40.2822,45.7207706412594,39.2223,76.6112121421111,76.6112121421111,33433659301.2466,0.593,"South-East Asia"
"Nicaragua",2000,59,34,80.6461725738748,47.8490215460833,71.59811,25.4133416442397,30.2093,57.0729057082999,57.0729057082999,5109587049.97449,0.563,"Americas"
"Nicaragua",2002,50,36,80.697556235523,48.0510522344945,70.33595,25.1714026036055,30.7564,59.0445107661833,59.0445107661833,5223727302.54906,0.573,"Americas"
"Nicaragua",2004,52,38.1,80.7547757336457,48.2546003543848,69.07378,24.714118755341,31.4483,61.0116188363532,61.0116188363532,5792932838.40051,0.58,"Americas"
"Nicaragua",2006,45,39.9,80.8357507918115,48.4810269788073,67.81162,23.8278599348014,32.1424,62.987007020763,62.987007020763,6763688874.63732,0.59,"Americas"
"Nicaragua",2008,52,42,80.9386665632115,49.6355430745242,67.2,21.8138897668651,31.3375,64.9674578476413,64.9674578476413,8496948184.42042,0.602,"Americas"
"Nicaragua",2010,53,44.4,81.048950444765,51.6661862480285,67.2,20.6274477367636,30.8958,66.9420991365654,66.9420991365654,8758572306.31602,0.611,"Americas"
"Nigeria",2004,219,1,50.4334927622484,15.4754925111954,69.08224,56.8972230572213,672.2106,30.0532638422315,30.0532638422315,135764731645.611,0.461,"Africa"
"Nigeria",2006,219,1.1,53.6095346466067,17.2747034549588,66.56972,53.1631058103829,647.8853,31.5068482626807,31.5068482626807,238454997161.48,0.475,"Africa"
"Nigeria",2008,219,1.4,56.8158520956791,19.1778711277023,64.0572,50.6308298088503,637.619,33.0520742471129,33.0520742471129,339476276257.793,0.482,"Africa"
"Nigeria",2010,219,1.8,60.048448967519,21.1862201415227,61.54467,49.5384605715282,653.7664,34.6931332709606,34.6931332709606,366990417129.04,0.488,"Africa"
"Nigeria",2012,219,2.5,63.296219919828,23.2016363518397,59.03215,59.3321391307662,690.1453,36.4309333257504,36.4309333257504,463971018239.281,0.499,"Africa"
"Nigeria",2014,219,4.1,66.5530061054195,24.3798102403874,56.51963,48.1823551711454,713.4653,38.2655122285715,38.2655122285715,574183763411.508,0.513,"Africa"
"Nigeria",2016,219,7.3,69.8172268810042,25.5492148689276,54.00711,65.4340626973271,711.8343,40.1973273390898,40.1973273390898,404649125252.16,0.526,"Africa"
"Nigeria",2018,219,12.9,73.0874579051768,26.7078130620546,51.49458,57.0231990642382,734.876,42.2262606432937,42.2262606432937,421739251509.08,0.53,"Africa"
"Nigeria",2020,219,19.8,76.361790269796,27.853490832428,48.98206,56.5313287289257,723.6432,44.3511464071045,44.3511464071045,432198898467.795,0.539,"Africa"
"Pakistan",2000,275,23.5,87.3640207649067,34.8270420774854,71.22167,59.1634156257704,324.884,30.905792299364,30.905792299364,99484802344.5277,0.434,"Eastern Mediterranean"
"Pakistan",2002,275,25.8,87.8385392713498,35.0472841421609,69.69687,59.3494608897258,335.6443,34.704454970034,34.704454970034,97923302809.3537,0.447,"Eastern Mediterranean"
"Pakistan",2004,276,27.9,88.3071370228667,35.2666940016706,68.17208,59.2674942695927,370.1525,38.4802169271555,38.4802169271555,132216048339.413,0.468,"Eastern Mediterranean"
"Pakistan",2006,276,30.2,88.1440617187268,35.8658677303163,66.64728,57.4454012873738,401.3544,42.2129054960727,42.2129054960727,161871385506.36,0.485,"Eastern Mediterranean"
"Pakistan",2008,276,32.8,88.4779312858562,36.4739099301454,65.12249,50.7539150601749,427.6689,45.8894854056575,45.8894854056575,202203748583.854,0.489,"Eastern Mediterranean"
"Pakistan",2010,276,35.3,88.8047528450212,38.4596000189617,63.59769,46.5708385959715,428.3837,49.5244058324413,49.5244058324413,196709621849.586,0.496,"Eastern Mediterranean"
"Pakistan",2012,276,37.95,89.1247311719253,40.4559675816411,62.0729,66.8719540673752,442.3668,53.1189631049965,53.1189631049965,250106966104.704,0.504,"Eastern Mediterranean"
"Pakistan",2014,270,40.4,89.4374847948449,42.4619393647799,60.5481,71.7121701033462,473.4228,56.6720563310367,56.6720563310367,271390474857.632,0.519,"Eastern Mediterranean"
"Pakistan",2016,268,43.3,89.7432459855344,44.4777304404909,59.0233,68.5228297189002,515.7126,60.185171545854,60.185171545854,313630000130.435,0.533,"Eastern Mediterranean"
"Pakistan",2018,265,46.3,90.0425979115228,46.5044850703905,57.49851,62.3894976390133,538.849,63.661548360129,63.661548360129,356128166704.921,0.535,"Eastern Mediterranean"
"Pakistan",2020,257,49.4,90.3373369493084,48.5468342411643,55.97371,42.9981734249878,555.7261,67.1110407912941,67.1110407912941,300425609817.981,0.536,"Eastern Mediterranean"
"Paraguay",2000,42,48.9,76.2362190151531,49.8363406977831,42.02714,13.555186049266,61.8806,70.3699673050704,70.3699673050704,8855705139.55857,0.656,"Americas"
"Paraguay",2002,44,48.8,79.2988558912089,51.734895397557,39.03,13.2274142700835,55.6963,72.9797851516575,72.9797851516575,7196260656.84556,0.669,"Americas"
"Paraguay",2004,47,49,82.0578364483405,53.3776089654459,36.03286,12.7286583189791,56.1505,75.3484581795664,75.3484581795664,9624440836.29309,0.671,"Americas"
"Paraguay",2006,48,50.2,84.7343030109567,54.9740890307161,33.03571,12.4981511047327,65.7581,77.6613772106309,77.6613772106309,13429430050.261,0.674,"Americas"
"Paraguay",2008,42,53.1,87.34940587523,56.5424407687472,30.03857,12.3711832339251,73.2686,79.9335474945567,79.9335474945567,24615267663.5456,0.691,"Americas"
"Paraguay",2010,42,56.9,89.9037202338302,58.0828478054046,27.04143,12.3630674150856,72.3847,82.1654388723924,82.1654388723924,27260886405.2263,0.7,"Americas"
"Paraguay",2012,43,61.1,92.3978172967035,59.5954947575113,24.04429,12.3612452179307,85.6087,84.3575171738242,84.3575171738242,33271921136.315,0.716,"Americas"
"Paraguay",2014,39,64.4,94.8251554833038,61.061071762889,21.04714,11.4592064094704,58.8057,86.4992154178358,86.4992154178358,40377929295.6419,0.731,"Americas"
"Paraguay",2016,41,66.4,97.1992968525856,62.499589919327,18.05,10.4105012225018,55.642,88.6047066205804,88.6047066205804,36089700222.9461,0.736,"Americas"
"Paraguay",2018,43,67.7,99.5224912893959,63.9167043454898,15.05286,10.4898126276478,56.2654,90.6773914106948,90.6773914106948,40225448340.6322,0.742,"Americas"
"Paraguay",2020,45,68.3,99.5934707827491,64.084221431351,15.1,10.0891599097852,56.9402,92.7462736659838,92.7462736659838,35432178068.1814,0.742,"Americas"
"Peru",2000,183,42.3,80.1488865847973,44.8984082273486,47.41309,70.0428740963807,168.7484,64.1040549851012,64.1040549851012,51744749133.213,0.675,"Americas"
"Peru",2002,166,48.7,81.7100789592886,45.6919055303477,45.56432,69.2123801848445,173.4149,65.6533551596888,65.6533551596888,54777553515.0809,0.684,"Americas"
"Peru",2004,151,53.8,83.228525609799,46.4713175637238,43.71555,68.549467559912,183.2143,67.1607908269486,67.1607908269486,66768703497.5687,0.69,"Americas"
"Peru",2006,153,58.1,84.7040840155234,47.2356370534844,41.86678,64.2203697884907,180.8627,68.6263238694801,68.6263238694801,88643193061.748,0.69,"Americas"
"Peru",2008,141,61.9,86.0983257164264,47.9330066058152,40.018,48.3321548571422,175.7722,70.0035852739693,70.0035852739693,120550599815.441,0.707,"Americas"
"Peru",2010,134,65.7,87.3922024813053,48.5229924626543,38.16923,34.7111781547367,172.8387,71.264248526155,71.264248526155,147527631520.729,0.725,"Americas"
"Peru",2012,126,69.8,88.668521405509,49.1075284045421,36.32046,33.9046061596244,175.4444,72.5057117505958,72.5057117505958,192650021648.583,0.741,"Americas"
"Peru",2014,125,73.7,89.9272553412932,49.6862851582852,34.47168,32.9197109468005,169.7602,73.7280277686616,73.7280277686616,200786250582.943,0.754,"Americas"
"Philippines",2000,590,38.5,85.9786535058569,40.574426909416,49.97359,31.5189595125717,44.2222,64.2349304594324,64.2349304594324,83669788254.7279,0.635,"Western Pacific"
"Philippines",2002,569,39.9,86.7353290540228,41.8281839506723,48.56749,31.05570387518,46.4444,65.0950702025269,65.0950702025269,84307345887.543,0.646,"Western Pacific"
"Philippines",2004,549,40.2,87.5163914921387,44.1741341319541,47.16139,30.4134910319648,53.6042,65.9585302750487,65.9585302750487,95001999685.3314,0.658,"Western Pacific"
"Philippines",2006,530,40.4,88.300211308836,44.6699867918066,45.75529,29.1782265763242,50.716,66.8253087510555,66.8253087510555,127652926368.069,0.659,"Western Pacific"
"Philippines",2008,524,40.3,89.086781337771,44.9461396233626,44.34919,26.5791929727268,62.3849,68.9006268568623,68.9006268568623,181624626327.361,0.666,"Western Pacific"
"Philippines",2010,531,40.1,89.8807890071793,45.2364444152504,42.94309,23.0284261383751,71.0658,71.030981112432,71.030981112432,208368893151.144,0.673,"Western Pacific"
"Philippines",2012,539,40.9,90.7233716794272,45.6688676217735,41.53699,21.8351961883251,77.8152,73.2569909040697,73.2569909040697,261920540972.102,0.684,"Western Pacific"
"Philippines",2014,546,42.9,91.5606767241614,46.0997446650047,40.13089,20.3368824432152,95.7764,75.5092773639833,75.5092773639833,297483555344.802,0.693,"Western Pacific"
"Philippines",2016,554,45.7,92.3926834183241,46.529064943606,38.7248,19.9069716374648,115.8947,77.7870061557449,77.7870061557449,318627003012.52,0.696,"Western Pacific"
"Philippines",2018,554,49.9,93.222835120702,46.9702590230394,37.3187,20.5885077839401,140.8903,80.0906894479524,80.0906894479524,346841896583.515,0.706,"Western Pacific"
"Philippines",2020,544,54.6,94.0512327503984,47.428127091221,36.61565,20.2887417122616,137.501,82.4160477401007,82.4160477401007,361751145451.597,0.705,"Western Pacific"
"Sao Tome and Principe",2004,138,0.5,70.8543956281794,27.728031335926,61.4,24.9540591758053,-0.2287,25.2853938487237,25.2853938487237,114582283.916382,0.522,"Other"
"Sao Tome and Principe",2006,166,0.6,71.8708584899915,28.7574512551918,61.4,24.6427336465091,-0.213,27.8809293575894,27.8809293575894,142775104.081626,0.539,"Other"
"Sao Tome and Principe",2008,70,0.9,72.8532368503242,29.8032189655668,60.3972,23.0029892533768,-0.1999,30.5058156952963,30.5058156952963,188021165.00338,0.544,"Other"
"Sao Tome and Principe",2010,117,1.1,73.8007821200292,30.8629506665006,58.45879,21.9422424710632,-0.1769,33.1528174421221,33.1528174421221,190021192.489536,0.553,"Other"
"Sao Tome and Principe",2012,107,1.5,74.714140731746,31.9358788902273,56.52039,20.531439331057,-0.1061,35.8167422474695,35.8167422474695,229371348.202606,0.562,"Other"
"Sao Tome and Principe",2014,141,1.9,75.5849870092693,33.0073478566287,54.58198,19.6630632891255,-0.1016,38.4812028048961,38.4812028048961,293119143.246825,0.584,"Other"
"Sao Tome and Principe",2016,162,2.4,76.4130457301581,34.0730247431018,52.64358,25.7342366868061,-0.088,41.1410220675291,41.1410220675291,292267272.196925,0.599,"Other"
"Sao Tome and Principe",2018,124,2.8,77.200595461434,35.1323853007535,52.6,20.0156978980911,-0.0853,43.7951971255154,43.7951971255154,383717327.830508,0.607,"Other"
"Sao Tome and Principe",2020,115,3.4,77.317357139711,35.8663794193322,52.6,27.3357522767854,-0.1182,46.4435823257995,46.4435823257995,471229484.607144,0.609,"Other"
"Senegal",2000,155,34.9,59.7555406350506,20.0295699247872,67.15485,69.3535963097363,1.3247,36.8403629523326,36.8403629523326,6013185003.97525,0.388,"Africa"
"Senegal",2002,150,37,61.9989937102872,20.4971792021067,63.59985,64.7531897425132,2.273,38.8186500389611,38.8186500389611,7006402319.75856,0.399,"Africa"
"Senegal",2004,144,38.4,64.4339943181148,21.0911266006806,60.04485,57.6841589229918,3.1157,40.9633021795963,40.9633021795963,10076816666.6196,0.414,"Africa"
"Senegal",2006,139,38.2,66.911108985333,21.7179133599936,56.48985,56.3287590057483,4.2454,43.1437484387826,43.1437484387826,11697918243.0035,0.429,"Africa"
"Senegal",2008,136,36.5,69.3772031298627,22.3418016093034,52.93485,56.5965036620253,5.9483,45.3148396181609,45.3148396181609,16853989627.548,0.454,"Africa"
"Senegal",2010,132,33.6,71.8300877317255,22.962148383617,49.37985,57.0129259980585,7.4617,47.4746195159613,47.4746195159613,16121315909.0758,0.47,"Africa"
"Senegal",2012,129,30.7,74.2687450783238,23.5792275619602,45.82485,71.9845097478197,9.03,49.62215098708,49.62215098708,17660870411.5235,0.491,"Africa"
"Senegal",2014,125,28.2,76.6914468030901,24.1927117787544,42.26985,54.8894665378893,10.7391,51.7558632183278,51.7558632183278,19797253440.2679,0.501,"Africa"
"Senegal",2016,122,27.3,79.1033819690487,24.8096361299701,38.71484,62.2452907130405,14.1039,53.8806790444526,53.8806790444526,19040312333.1864,0.51,"Africa"
"Senegal",2018,118,28.2,81.5034042834338,25.4324042760609,35.15984,61.8009740540162,14.6502,55.9960419566084,55.9960419566084,23116701556.1381,0.515,"Africa"
"Senegal",2020,115,30,83.8869032487823,26.0601472837414,31.60484,63.7402211262202,16.4669,58.0982120345877,58.0982120345877,24530513037.7518,0.514,"Africa"
"Suriname",2004,25,81.1,90.9217523917314,52.5180081686063,9.10421,26.4855161347438,6.7204,79.3133630188345,79.3133630188345,1484092538.40527,0.667,"Americas"
"Suriname",2006,32,83.3,91.7904999411481,52.9043193014222,9.94123,25.3403888798647,6.8479,80.578611958631,80.578611958631,2626380435.17877,0.678,"Americas"
"Suriname",2008,26,85.4,92.660982249745,53.2889726778725,10.77825,25.1445967600364,6.8175,81.8573489915612,81.8573489915612,3532969034.60838,0.689,"Americas"
"Suriname",2010,46,87.3,93.536172790766,53.6764560374741,11.61526,24.7300040259854,11.18,83.1536031950863,83.1536031950863,4368370997.92126,0.696,"Americas"
"Suriname",2012,30,89.2,94.415754570217,54.0662107041553,12.45228,26.3564495295979,11.8821,84.4670820919635,84.4670820919635,4.98e+09,0.698,"Americas"
"Suriname",2014,33,90.7,95.3013968931233,54.4628446712718,13.2893,25.5794924051723,14.7181,85.8011065699902,85.8011065699902,5240606060.60606,0.701,"Americas"
"Suriname",2016,25,92.2,96.1954598279264,54.8788548050919,14.12632,27.0335291242088,17.263,87.1630096425921,87.1630096425921,3317421648.09918,0.709,"Americas"
"Suriname",2018,38,93.6,97.0931062814761,55.3120332257966,14.96333,29.6641934243254,17.5718,88.5487213621858,88.5487213621858,3996198866.57453,0.714,"Americas"
"Suriname",2020,29,94.7,97.9896320628805,55.7604344745866,15.80035,27.3059698425997,18.0659,89.9542117944832,89.9542117944832,2911807496.20227,0.702,"Americas"
"Tajikistan",2000,219,36.1,56.5062298278567,35.9904603176081,60.27623,37.0330479373257,8.8914,89.9072432071928,89.9072432071928,860541842.263697,0.548,"Europe"
"Tajikistan",2002,220,44.1,59.0500581249144,38.0782301513349,55.72756,35.660396847721,9.2426,90.5438953666555,90.5438953666555,1221106220.2868,0.569,"Europe"
"Tajikistan",2004,207,52,61.6181743211743,40.2638759233785,51.1789,33.5888791207511,10.7124,91.2312248165424,91.2312248165424,2076176869.41089,0.591,"Europe"
"Tajikistan",2006,183,59.6,64.2114185120741,42.5485169593607,46.63024,33.4371576833326,10.8709,91.9706902622255,91.9706902622255,2830213848.6203,0.615,"Europe"
"Tajikistan",2008,155,65.2,66.8293498168938,44.9315632856032,42.08157,35.3955700122009,11.1703,92.7119712907349,92.7119712907349,5161299725.27673,0.628,"Europe"
"Tajikistan",2010,128,69.7,69.4719693561623,47.4130029361335,37.53291,39.7949542469115,10.275,93.455074499174,93.455074499174,5642221099.17704,0.631,"Europe"
"Tajikistan",2012,108,73.4,72.1454574361497,49.3680366304942,32.98425,51.3794263594159,11.2211,94.1998395382215,94.1998395382215,7633036903.07634,0.641,"Europe"
"Tajikistan",2014,91,76.4,74.8649018101603,51.049466394786,28.43558,46.6700130134501,12.9102,94.9447326755321,94.9447326755321,9112605459.32845,0.649,"Europe"
"Tajikistan",2016,85,79.3,77.6228562087016,52.7228477603698,23.88692,44.7655503683053,14.7263,95.6875477096984,95.6875477096984,6992416096.89018,0.655,"Europe"
"Tajikistan",2018,84,81.7,80.4115904874603,54.3860700294647,19.33825,42.3335064710739,17.8453,96.4260333591642,96.4260333591642,7764999999.45362,0.664,"Europe"
"Tajikistan",2020,79,84.3,81.8524176009632,55.2368645269544,17.06392,37.0534062306267,19.2936,96.7653172062538,96.7653172062538,8133963550.65742,0.656,"Europe"
"Tanzania",2000,503,0.7,28.6664217644613,1.43044680120711,81.32802,20.2177355377851,119.1874,6.4545572257458,6.4545572257458,13371767081.7428,0.396,"Africa"
"Tanzania",2002,509,0.7,31.4797512688237,1.51735620150323,77.07039,20.7504614747252,122.0836,8.88565368804983,8.88565368804983,14129651895.6911,0.414,"Africa"
"Tanzania",2004,510,0.8,34.4821810033991,2.27790955498345,72.81275,21.1359409346129,125.451,11.3353000997634,11.3353000997634,16673062473.3981,0.435,"Africa"
"Tanzania",2006,504,0.9,37.4799927901342,3.84023410327136,68.55511,21.6132578774357,129.119,13.7317612866965,13.7317612866965,18619859795.2852,0.455,"Africa"
"Tanzania",2008,474,1.1,40.4743184257976,7.01043437530185,64.29748,22.1260766903794,131.7826,16.1250365499333,16.1250365499333,27947821397.9272,0.472,"Africa"
"Tanzania",2010,426,1.4,43.4584432103437,7.75774251222285,60.03984,23.1053112582158,135.8109,18.5129732606357,18.5129732606357,32012892919.37,0.493,"Africa"
"Tanzania",2012,378,1.9,46.4273786110216,8.31895877725213,55.78221,25.5667487604226,143.2044,20.8937174720611,20.8937174720611,39650394362.9287,0.501,"Africa"
"Tanzania",2014,327,2.7,49.3718375680796,8.89653747874422,51.52457,24.2244900980476,149.3137,23.2631070043176,23.2631070043176,49986726460.6805,0.506,"Africa"
"Tanzania",2016,287,3.9,52.2811702298122,9.48783390188552,47.26693,25.3938175391915,152.889,25.6150210066189,25.6150210066189,49774409374.4538,0.509,"Africa"
"Tanzania",2018,253,5.3,55.1494338796294,10.092173476307,43.0093,21.2944892567993,155.8103,27.9447655542304,27.9447655542304,57003712892.0858,0.525,"Africa"
"Tanzania",2020,222,7.2,57.9702655871505,10.7083821320859,40.88048,25.081431153535,161.7754,30.246799713062,30.246799713062,66068737786.0639,0.535,"Africa"
"Togo",2000,52,0.3,45.4372036960573,7.44596842465642,69.27204,63.6974345253496,5.9738,9.60294075298278,9.60294075298278,2106848752.27753,0.436,"Africa"
"Togo",2002,56,0.5,47.9501645157205,7.68563842022978,66.02873,57.4025754585,6.1746,10.17042045101,10.17042045101,2410199032.43102,0.443,"Africa"
"Togo",2004,66,0.9,50.4262466400398,7.93017508647132,62.78541,47.6738489606156,6.5908,10.7455796253713,10.7455796253713,3191561508.69088,0.448,"Africa"
"Togo",2006,74,1.5,52.8631440554872,8.17893108732728,59.54209,45.8783643857125,6.7794,11.6195512765709,11.6195512765709,3320907721.74508,0.452,"Africa"
"Togo",2008,78,2.3,55.2615475629644,8.43263063930142,56.29878,46.3427937229179,7.3797,12.5354529601089,12.5354529601089,4578849657.99813,0.452,"Africa"
"Togo",2010,76,3.3,57.618438906145,8.69015617114663,53.05546,47.1272031157292,8.7572,13.4914168494847,13.4914168494847,4746389531.6959,0.469,"Africa"
"Togo",2012,69,4.5,59.9571387044138,15.1638362286742,49.81214,53.6407922683827,9.1566,14.4998960284454,14.4998960284454,5413544658.41535,0.487,"Africa"
"Togo",2014,58,6,62.2550568439878,16.0505729222898,46.56882,43.0636342660236,9.0195,15.5497416677127,15.5497416677127,6393318261.82712,0.502,"Africa"
"Togo",2016,46,7.6,64.5093974540071,16.9574573062902,43.32551,60.2898429310496,9.6512,16.6392024008154,16.6392024008154,6071170959.12093,0.515,"Africa"
"Togo",2018,38,9,66.7220730728574,17.8874097421064,40.08219,55.1042380453434,10.1571,17.7694527426618,17.7694527426618,7029300383.08031,0.528,"Africa"
"Togo",2020,35,10.4,68.8910592142641,18.8410171736911,38.5,51.6661369398223,11.1097,18.9393705719577,18.9393705719577,7400284167.78479,0.54,"Africa"
"Tunisia",2006,26,98.1,90.8728219523406,73.4880983397112,10.4,24.9161206082962,39.615,82.5865683787176,82.5865683787176,34376664600.5898,0.693,"Eastern Mediterranean"
"Tunisia",2008,27,98.9,91.4092013006482,73.9886705472183,10.4,26.2739796190147,41.3012,84.6951849560762,84.6951849560762,44859439902.2191,0.705,"Eastern Mediterranean"
"Tunisia",2010,28,99.4,91.9309126089078,74.4788850024944,10.14415,27.1525896814577,46.6439,86.8115536906964,86.8115536906964,46206091937.9628,0.713,"Eastern Mediterranean"
"Tunisia",2012,37,99.6,92.5793580039601,75.1400318525442,9.64392,22.6944628193599,46.1658,88.9338679991843,88.9338679991843,47311401812.6733,0.716,"Eastern Mediterranean"
"Tunisia",2014,35,99.8,93.6308498351827,75.9700128726058,9.14369,25.1638447684439,47.8229,91.0590283437132,91.0590283437132,50271812920.612,0.721,"Eastern Mediterranean"
"Tunisia",2016,38,99.8,94.6685359628418,76.7128936199249,8.64346,24.8089216632322,47.3842,93.1881653306234,93.1881653306234,44360072680.4476,0.728,"Eastern Mediterranean"
"Tunisia",2018,35,99.8,95.6902295465412,75.3363204139181,8.14324,25.5228520953696,47.645,95.3156291923548,95.3156291923548,42686504459.801,0.737,"Eastern Mediterranean"
"Tunisia",2020,36,99.9,96.6926617389598,73.9069254924488,7.64301,24.1829826735327,45.9813,97.4344600557265,97.4344600557265,42491780918.361,0.734,"Eastern Mediterranean"
"Turkmenistan",2006,84,99.8,91.2381898657299,74.8670839918494,10.25739,16.8389623537349,103.4842,93.9444741811226,93.9444741811226,10276674364.8961,0.661,"Europe"
"Turkmenistan",2008,95,99.9,92.6987021124024,78.3052453249219,10.00727,18.3677588125312,114.0489,94.6988889733504,94.6988889733504,19271523178.8079,0.682,"Europe"
"Turkmenistan",2010,79,99.9,94.1442613426846,81.8035830434802,9.75714,21.4722278171731,101.8501,95.4597741748201,95.4597741748201,22583157894.7368,0.699,"Europe"
"Turkmenistan",2012,70,99.9,95.5713428273371,85.353857981641,9.50701,27.0209714658228,120.2494,96.2286212121482,96.2286212121482,35164210526.3158,0.714,"Europe"
"Turkmenistan",2014,58,99.9,96.9719475284268,88.943348532498,9.25688,25.0725134160111,121.6699,97.0067771875787,97.0067771875787,43524210526.3158,0.719,"Europe"
"Turkmenistan",2016,46,99.9,98.3381304107743,92.2849938766969,9.00675,23.1774931174981,123.4924,97.7956609482916,97.7956609482916,36169428571.4286,0.729,"Europe"
"Turkmenistan",2018,46,99.9,99.3450813719179,94.7905268337908,8.75663,22.4512669564059,122.5894,98.5966762172945,98.5966762172945,40765428571.4286,0.73,"Europe"
"Turkmenistan",2020,46,99.9,100,94.83423669476,8.5065,19.5997611438189,122.6167,99.4111376374402,99.4111376374402,4.5818e+10,0.731,"Europe"
"Uganda",2000,276,0.9,26.4169299289341,2.29626287967983,80.90118,33.2213088306491,52.8034,16.3794946916106,16.3794946916106,6193246837.09687,0.392,"Africa"
"Uganda",2002,256,0.9,28.9911541004358,3.27756273191477,78.21228,32.364309878136,54.4766,16.8151542285613,16.8151542285613,6178563591.12051,0.414,"Africa"
"Uganda",2004,240,0.8,31.6653580235931,4.42555644657335,75.52337,31.0392880072388,56.2114,17.2487008096089,17.2487008096089,7939487547.77384,0.441,"Africa"
"Uganda",2006,227,0.8,34.4326103679449,5.65771078529133,72.83447,30.8486426919378,60.975,17.6794433895241,17.6794433895241,9977647682.96954,0.463,"Africa"
"Uganda",2008,217,0.8,37.2895087674594,6.97607811323751,70.14557,31.3844233698563,74.8026,18.107742128752,18.107742128752,14440404132.2047,0.481,"Africa"
"Uganda",2010,210,0.9,40.229957437106,8.38165836815415,67.45666,32.517551165181,81.901,18.5332942492702,18.5332942492702,26673441430.7857,0.5,"Africa"
"Uganda",2012,205,0.9,43.2488591030294,9.87610130353659,64.76776,35.8905665839316,89.0164,18.9561823261431,18.9561823261431,27305915910.7877,0.504,"Africa"
"Uganda",2014,202,0.9,46.3387388137212,11.459659449773,62.07886,34.111616669843,96.8055,19.3758464383761,19.3758464383761,32612397257.4458,0.518,"Africa"
"Uganda",2016,201,0.8,49.4935303861388,13.1335090736868,59.38995,35.1867637433366,98.6965,19.7922384779092,19.7922384779092,29203988696.2626,0.531,"Africa"
"Uganda",2018,200,0.8,52.7030927273616,14.895237559752,56.70105,33.1279166723642,102.421,20.2039464819127,20.2039464819127,32927025619.6795,0.539,"Africa"
"Uganda",2020,199,0.7,55.9611032232523,16.7450812444467,54.01214,33.8077192571642,106.9246,20.6108258720445,20.6108258720445,37600368241.6657,0.545,"Africa"
"Ukraine",2000,114,90.9,98.1435324295566,66.5397827954019,5,27.5510971970295,424.6959,94.2711233894782,94.2711233894782,32375083934.8241,0.698,"Europe"
"Ukraine",2002,123,92,98.226721419085,66.6277376299086,5,25.3241057950972,435.2184,94.5959479482973,94.5959479482973,43956163612.0433,0.721,"Europe"
"Ukraine",2004,127,92.8,97.7614299502735,69.348448423106,4.6,22.8365079328052,446.3863,94.9844950302308,94.9844950302308,67220154164.3166,0.739,"Europe"
"Ukraine",2006,125,93.7,96.8250032006158,74.535211797364,3.9,21.3769053568138,431.0257,95.4253168361663,95.4253168361663,111884752475.248,0.752,"Europe"
"Ukraine",2008,119,94.2,95.8759133368346,79.6272761391549,3.2,20.4173975516395,441.171,95.8599069928416,95.8599069928416,188110390659.515,0.763,"Europe"
"Ukraine",2010,110,94.55,94.916763036789,84.6185048824194,2.5,19.7107703520874,386.6364,96.2858797015542,96.2858797015542,141209170427.233,0.766,"Europe"
"Ukraine",2012,101,94.9,93.9522797921632,89.5565480152031,1.8,18.6766503847272,419.5663,96.7056439605869,96.7056439605869,182591753827.949,0.774,"Europe"
"Ukraine",2014,94,95.1,93.3220713767913,89.0135977787277,1.1,18.4263235330655,376.7015,97.1234363074377,97.1234363074377,133503871861.723,0.774,"Europe"
"Ukraine",2016,87,95.2,93.4006335847508,88.6682642980545,1.1,16.2426825956045,331.4904,97.4332543002778,97.4332543002778,93355869403.9223,0.767,"Europe"
"Ukraine",2018,80,95.3,93.4763332243037,88.3225822149896,1.1,17.1041368062157,321.7952,97.7362865057422,97.7362865057422,130891088293.55,0.771,"Europe"
"Zimbabwe",2000,605,33.9,71.8693891831637,29.1933272287899,27.52175,20.2651781223935,30.6528,44.5170080550134,44.5170080550134,6689957600,0.426,"Africa"
"Zimbabwe",2002,617,33.6,71.7060715853256,29.4752630173317,26.92639,20.3291456921534,32.1056,44.8209725663783,44.8209725663783,6342116400,0.427,"Africa"
"Zimbabwe",2004,607,32.4,70.6870609373274,29.3894113590863,26.33104,20.3719713744954,31.9235,44.8816899837811,44.8816899837811,5805598400,0.419,"Africa"
"Zimbabwe",2006,561,31.6,69.6388051052948,28.9988812477773,25.73569,20.4938743609955,36.0506,43.631373965357,43.631373965357,5443896500,0.422,"Africa"
"Zimbabwe",2008,487,30.7,68.5899709728087,28.6065152600215,25.14033,20.8036783748251,37.3773,42.3891758166248,42.3891758166248,4415702800,0.42,"Africa"
"Zimbabwe",2010,416,30.4,67.5407111937773,28.2123945008164,24.54498,21.4862213773936,45.1496,41.1551678278732,41.1551678278732,12041655200,0.481,"Africa"
"Zimbabwe",2012,355,30.2,66.4911847039305,27.816599335063,23.94962,23.5395278505031,48.5416,39.9294247255203,39.9294247255203,17114849900,0.522,"Africa"
"Zimbabwe",2014,278,30,65.4541095886703,27.431369291366,23.35427,23.4292525344579,46.9283,38.7170871077261,38.7170871077261,19495519600,0.539,"Africa"
"Zimbabwe",2016,233,30,64.4689608649211,27.0944535609013,22.75892,22.5706982027694,45.9127,37.5291905738897,37.5291905738897,20548678100,0.547,"Africa"
"Zimbabwe",2018,210,30.3,63.5387733496876,26.807938485019,22.16356,19.1120993372982,47.509,36.3571601293685,36.3571601293685,34156069918.0609,0.564,"Africa"
"Zimbabwe",2020,185,30.5,62.6664561104324,26.5738460316127,21.56821,19.4941796611344,44.5763,35.1923618234591,35.1923618234591,26867936444.6826,0.554,"Africa"
