"country","year","tbi","pro_basicwater","pro_safewater","pro_basicsanitation","pro_safesanitation","hdi","region"
"Algeria",2000,75,"89.848828579842504","70.078517334717","84.4808303267888","84.4808303267888",0.652,"Africa"
"Algeria",2001,73,"90.113447796422193","70.6421850278993","84.7599276450493","84.7599276450493",0.659,"Africa"
"Algeria",2002,74,"90.373804332946904","71.1918583653421","85.0328073593515","85.0328073593515",0.668,"Africa"
"Algeria",2003,76,"90.629722476755603","71.7269643155818","85.2991644625783","85.2991644625783",0.675,"Africa"
"Algeria",2004,76,"90.881254723595205","72.2475517663549","85.5590709673942","85.5590709673942",0.683,"Africa"
"Algeria",2005,80,"91.128253391013999","72.7531510539839","85.8122609306772","85.8122609306772",0.69,"Africa"
"Algeria",2006,79,"91.370955534143604","73.2443466074211","86.0591315025692","86.0591315025692",0.696,"Africa"
"Algeria",2007,78,"91.609231991483398","73.7207212607151","86.299440005349","86.299440005349",0.701,"Africa"
"Algeria",2008,74,"91.843308744921103","74.1828238425326","86.5335680761237","86.5335680761237",0.709,"Africa"
"Algeria",2009,77,"92.072034965947296","74.6276877244098","86.7594853651133","86.7594853651133",0.716,"Africa"
"Algeria",2010,78,"92.295973461590506","75.056807812812","86.9781332130706","86.9781332130706",0.721,"Africa"
"Algeria",2011,73,"92.5149892867463","75.469916980438","87.1892375803685","87.1892375803685",0.725,"Africa"
"Algeria",2012,73,"92.745184699297496","75.867622968565","87.0935397027506","87.0935397027506",0.726,"Africa"
"Algeria",2013,68,"92.970881146269505","76.2501426819848","86.9868765719694","86.9868765719694",0.729,"Africa"
"Algeria",2014,72,"93.192346780408897","76.6182319353339","86.8698424356598","86.8698424356598",0.732,"Africa"
"Algeria",2015,75,"93.409557646999104","76.9719606352109","86.7425206949109","86.7425206949109",0.736,"Africa"
"Algeria",2016,70,"93.622775535899393","76.3948592626","86.6054829474466","86.6054829474466",0.738,"Africa"
"Algeria",2017,70,"93.831974930309798","75.7305417878483","86.4588237816513","86.4588237816513",0.738,"Africa"
"Algeria",2018,69,"94.0374149250041","75.036130399841","86.303094189528","86.303094189528",0.74,"Africa"
"Algeria",2019,61,"94.239139860161401","73.9538774939834","86.1385043463065","86.1385043463065",0.742,"Africa"
"Algeria",2020,58,"94.437329970412407","72.2481473302903","85.9654695730295","85.9654695730295",0.73,"Africa"
"Bangladesh",2000,221,"94.818921212875793","55.3187008304757","24.5131903542463","24.5131903542463",0.491,"South-East Asia"
"Bangladesh",2001,221,"94.993685943340395","55.3251160869331","26.0705975336452","26.0705975336452",0.498,"South-East Asia"
"Bangladesh",2002,221,"95.173769631676294","55.3037151491832","27.6554493983047","27.6554493983047",0.505,"South-East Asia"
"Bangladesh",2003,221,"95.352562559162394","55.2787471471295","29.231867657353","29.231867657353",0.511,"South-East Asia"
"Bangladesh",2004,221,"95.529972479063403","55.250352936216","30.7992984470831","30.7992984470831",0.518,"South-East Asia"
"Bangladesh",2005,221,"95.708957516062597","55.2188500690923","32.4431837647269","32.4431837647269",0.525,"South-East Asia"
"Bangladesh",2006,221,"95.884711782405802","55.1836736404241","34.0875250851519","34.0875250851519",0.53,"South-East Asia"
"Bangladesh",2007,221,"96.057098454524294","55.1449682258641","35.7309011894357","35.7309011894357",0.533,"South-East Asia"
"Bangladesh",2008,221,"96.2259786038382","55.1028751333941","37.3719166265714","37.3719166265714",0.535,"South-East Asia"
"Bangladesh",2009,221,"96.391233177533294","55.0575457562667","39.0092124920905","39.0092124920905",0.547,"South-East Asia"
"Bangladesh",2010,221,"96.552825369426102","55.0085863901501","40.6418673210665","40.6418673210665",0.558,"South-East Asia"
"Bangladesh",2011,221,"96.710597256144993","54.956322767706","42.268339101128","42.268339101128",0.565,"South-East Asia"
"Bangladesh",2012,221,"96.864384577712002","55.3036924501787","43.8868927179976","43.8868927179976",0.575,"South-East Asia"
"Bangladesh",2013,221,"97.0140618269523","55.6668781318431","45.4961634604437","45.4961634604437",0.577,"South-East Asia"
"Bangladesh",2014,221,"97.159663676013494","56.0454778209341","47.0955366737352","47.0955366737352",0.585,"South-East Asia"
"Bangladesh",2015,221,"97.301101090470794","56.4401978281453","48.6838158473245","48.6838158473245",0.604,"South-East Asia"
"Bangladesh",2016,221,"97.438390909400695","56.850799030472","50.2602922140672","50.2602922140672",0.613,"South-East Asia"
"Bangladesh",2017,221,"97.5714932946819","57.277601417181","51.8240359497362","51.8240359497362",0.622,"South-East Asia"
"Bangladesh",2018,221,"97.700411546896007","57.7207449544889","53.374264785747","53.374264785747",0.636,"South-East Asia"
"Bangladesh",2019,221,"97.825136571341105","58.180213270118","54.9102399606066","54.9102399606066",0.646,"South-East Asia"
"Bangladesh",2020,221,"97.945676020446996","58.6559977739333","56.4312334257288","56.4312334257288",0.657,"South-East Asia"
"Central African Republic",2000,540,"59.010489609795798","8.53086470231477","20.5939673265979","20.5939673265979",0.319,"Africa"
"Central African Republic",2001,540,"57.828577441904898","8.3960175599728","20.5472815173527","20.5472815173527",0.321,"Africa"
"Central African Republic",2002,540,"56.653334101803701","8.26170337509347","20.5005931077099","20.5005931077099",0.322,"Africa"
"Central African Republic",2003,540,"55.484376896686598","8.1277888097269","20.4536056364778","20.4536056364778",0.322,"Africa"
"Central African Republic",2004,540,"54.321704870217097","7.99427543453696","20.40631886511","20.40631886511",0.326,"Africa"
"Central African Republic",2005,540,"53.1725556583242","7.86378242326338","19.9721489886999","19.9721489886999",0.33,"Africa"
"Central African Republic",2006,540,"52.036386720335102","7.73617229496012","19.5450444000148","19.5450444000148",0.333,"Africa"
"Central African Republic",2007,540,"50.912985605753903","7.61142944035955","19.1248922472729","19.1248922472729",0.339,"Africa"
"Central African Republic",2008,540,"49.8014654368029","7.48929311659285","18.7110296424231","18.7110296424231",0.345,"Africa"
"Central African Republic",2009,540,"48.701277024717399","7.36962769554587","18.3030851796557","18.3030851796557",0.35,"Africa"
"Central African Republic",2010,540,"47.612181682557299","7.25241332361953","17.9009514050434","17.9009514050434",0.357,"Africa"
"Central African Republic",2011,540,"46.533320353045902","7.13739945787107","17.504011935079","17.504011935079",0.365,"Africa"
"Central African Republic",2012,540,"45.464428146299397","7.02456234088729","17.1121604556915","17.1121604556915",0.372,"Africa"
"Central African Republic",2013,540,"44.404933896272397","6.91376367985524","16.7250416362785","16.7250416362785",0.352,"Africa"
"Central African Republic",2014,540,"43.354001474842001","6.80476202389028","16.3420826919898","16.3420826919898",0.354,"Africa"
"Central African Republic",2015,540,"42.311346201514603","6.6975310443207","15.9631874719448","15.9631874719448",0.367,"Africa"
"Central African Republic",2016,540,"41.276645035426","6.59203554548991","15.5882420568199","15.5882420568199",0.373,"Africa"
"Central African Republic",2017,540,"40.248816104684302","6.48793757270195","15.2164875035595","15.2164875035595",0.379,"Africa"
"Central African Republic",2018,540,"39.227547725687998","6.38520696907848","14.847835432135","14.847835432135",0.386,"Africa"
"Central African Republic",2019,540,"38.212267124828699","6.28371097133331","14.4819824288711","14.4819824288711",0.391,"Africa"
"Central African Republic",2020,540,"37.202402551153703","6.18331816252162","14.1186346735747","14.1186346735747",0.389,"Africa"
"Chad",2000,151,"38.6325922411663","5.52087398982528","9.6926743015076","9.6926743015076",0.292,"Africa"
"Chad",2001,152,"39.213892775673102","5.55436340416389","9.775113767504","9.775113767504",0.302,"Africa"
"Chad",2002,152,"39.7975122600416","5.58659704293732","9.85771003081794","9.85771003081794",0.309,"Africa"
"Chad",2003,152,"40.384339926016096","5.61782060007602","9.94081051229209","9.94081051229209",0.309,"Africa"
"Chad",2004,151,"40.9739127227244","5.6479144514591","10.0242445629892","10.0242445629892",0.327,"Africa"
"Chad",2005,151,"41.566215542804102","5.67687951850081","10.1080112103308","10.1080112103308",0.329,"Africa"
"Chad",2006,150,"42.1612373131913","5.70471778217889","10.1921110893801","10.1921110893801",0.328,"Africa"
"Chad",2007,149,"42.759390057273102","5.73155994162129","10.2767456265106","10.2767456265106",0.339,"Africa"
"Chad",2008,149,"43.359809650544697","5.75715062160439","10.3615172599108","10.3615172599108",0.343,"Africa"
"Chad",2009,148,"43.962913827626501","5.78161943507538","10.4835850614972","10.4835850614972",0.357,"Africa"
"Chad",2010,147,"44.576029447407699","5.80736452502077","10.6144009031658","10.6144009031658",0.364,"Africa"
"Chad",2011,147,"45.198855223916702","5.83446366674926","10.7545445031211","10.7545445031211",0.373,"Africa"
"Chad",2012,146,"45.831459576388603","5.86313031273531","10.904855366766","10.904855366766",0.381,"Africa"
"Chad",2013,146,"46.473095216201799","5.89331093255252","11.0657151939012","11.0657151939012",0.385,"Africa"
"Chad",2014,145,"47.123415157674899","5.92508772122563","11.2377496545349","11.2377496545349",0.392,"Africa"
"Chad",2015,144,"47.7824336445913","5.95868406195704","11.4218789248527","11.4218789248527",0.388,"Africa"
"Chad",2016,144,"48.449754613222801","5.99418883763358","11.6187911506186","11.6187911506186",0.388,"Africa"
"Chad",2017,143,"49.124966368443502","6.0316936003997","11.8291927798898","11.8291927798898",0.389,"Africa"
"Chad",2018,142,"49.808006663870799","6.07143584248856","12.054119739418","12.054119739418",0.393,"Africa"
"Chad",2019,142,"50.498064345412601","6.11336834894452","12.2940188961564","12.2940188961564",0.398,"Africa"
"Chad",2020,141,"51.195377805864801","6.15788313789912","12.5503207178957","12.5503207178957",0.396,"Africa"
"Ethiopia",2000,421,"18.682302700395098","5.04384634705735","2.79389711000458","2.79389711000458",0.286,"Africa"
"Ethiopia",2001,409,"20.232041040654199","5.42753511001309","3.09531157596367","3.09531157596367",0.299,"Africa"
"Ethiopia",2002,393,"21.77133078604","5.59343665797539","3.39684063568474","3.39684063568474",0.305,"Africa"
"Ethiopia",2003,376,"23.298163778949199","5.77620148456472","3.69805219630623","3.69805219630623",0.31,"Africa"
"Ethiopia",2004,358,"24.8131815247792","5.97607492793851","4.0092482931609","4.0092482931609",0.323,"Africa"
"Ethiopia",2005,341,"26.3163660068506","6.19294653351699","4.31644032463521","4.31644032463521",0.343,"Africa"
"Ethiopia",2006,325,"27.808294644190202","6.42705681233099","4.61983246123029","4.61983246123029",0.359,"Africa"
"Ethiopia",2007,310,"29.297707397848502","6.68361693859164","4.92163262678547","4.92163262678547",0.376,"Africa"
"Ethiopia",2008,296,"30.8752129693809","7.01883991216426","5.24481811104458","5.24481811104458",0.391,"Africa"
"Ethiopia",2009,282,"32.438379888319801","7.37167631526554","5.56530539724539","5.56530539724539",0.399,"Africa"
"Ethiopia",2010,268,"33.988751424409998","7.74293650405208","5.88367348842843","5.88367348842843",0.409,"Africa"
"Ethiopia",2011,253,"35.525049030374802","8.13165334007904","6.19978430281278","6.19978430281278",0.419,"Africa"
"Ethiopia",2012,239,"37.048196243774299","8.53826122202629","6.51408999312917","6.51408999312917",0.426,"Africa"
"Ethiopia",2013,224,"38.548228349882002","8.95585542578493","6.82389059062955","6.82389059062955",0.437,"Africa"
"Ethiopia",2014,207,"40.034664721558002","9.3904846134397","7.1320081780504","7.1320081780504",0.445,"Africa"
"Ethiopia",2015,192,"41.506855299012997","9.84151478728926","7.43845438341403","7.43845438341403",0.455,"Africa"
"Ethiopia",2016,177,"42.965158619714799","10.308997223031","7.74355073772014","7.74355073772014",0.465,"Africa"
"Ethiopia",2017,164,"44.408497416770402","10.7919471087687","8.0471575170489","8.0471575170489",0.472,"Africa"
"Ethiopia",2018,151,"45.838160871873598","11.2910758539614","8.34992303821713","8.34992303821713",0.479,"Africa"
"Ethiopia",2019,140,"47.253978556937199","11.8060525680289","8.65203916056794","8.65203916056794",0.485,"Africa"
"Ethiopia",2020,129,"48.655347682169499","12.3362032791012","8.95353751323462","8.95353751323462",0.489,"Africa"
"Ghana",2000,216,"65.218505190644606","12.096287575298","6.24573244330994","6.24573244330994",0.5,"Africa"
"Ghana",2001,214,"66.077473278295003","12.3397955264734","6.34852886366336","6.34852886366336",0.499,"Africa"
"Ghana",2002,212,"67.132085114385106","13.2755197352788","7.23251503810142","7.23251503810142",0.506,"Africa"
"Ghana",2003,209,"68.187903664287504","14.4110078429247","8.13639297693297","8.13639297693297",0.51,"Africa"
"Ghana",2004,206,"69.245275684869796","15.8079014306574","9.05994534742738","9.05994534742738",0.517,"Africa"
"Ghana",2005,203,"70.303300278299901","17.2366792678794","10.0024406425603","10.0024406425603",0.529,"Africa"
"Ghana",2006,199,"71.362822362032603","18.6981146399445","10.9638541974486","10.9638541974486",0.537,"Africa"
"Ghana",2007,196,"72.423684841195197","20.1917142121044","11.9437515914647","11.9437515914647",0.547,"Africa"
"Ghana",2008,191,"73.485983546090907","21.717301839292","12.9418000356966","12.9418000356966",0.558,"Africa"
"Ghana",2009,187,"74.549083165466001","23.2736204562457","13.9573276526153","13.9573276526153",0.563,"Africa"
"Ghana",2010,183,"75.614058942207194","24.8618900303009","14.9904419527654","14.9904419527654",0.571,"Africa"
"Ghana",2011,178,"76.680274718099497","26.4808225863626","16.0404640405783","16.0404640405783",0.579,"Africa"
"Ghana",2012,173,"77.747592385642704","28.1298113056641","17.1069348843732","17.1069348843732",0.583,"Africa"
"Ghana",2013,168,"78.815606510815897","29.8078021998615","18.1892648687887","18.1892648687887",0.587,"Africa"
"Ghana",2014,165,"79.884430438638304","31.5144995436995","19.2871057808726","19.2871057808726",0.582,"Africa"
"Ghana",2015,160,"80.954153867541095","33.2496000669836","20.40010793503","20.40010793503",0.586,"Africa"
"Ghana",2016,156,"82.024883435859493","35.0128106440634","21.5279300969224","21.5279300969224",0.586,"Africa"
"Ghana",2017,152,"83.096466120286195","36.8034045826681","22.670108563914","22.670108563914",0.585,"Africa"
"Ghana",2018,148,"84.1689996175499","38.6210681678007","23.8263073809595","23.8263073809595",0.589,"Africa"
"Ghana",2019,144,"85.242337101747495","40.4650486152887","24.9960729195517","24.9960729195517",0.599,"Africa"
"Ghana",2020,140,"86.316808477960905","42.3354561621678","26.179198602453","26.179198602453",0.601,"Africa"
"Indonesia",2000,370,"75.284819158370397","23.5418444315928","40.2172598962037","40.2172598962037",0.597,"South-East Asia"
"Indonesia",2001,369,"76.2593157969917","23.8774394930567","42.3064052278047","42.3064052278047",0.605,"South-East Asia"
"Indonesia",2002,367,"77.224451161693395","24.2112761835265","44.4149716714658","44.4149716714658",0.614,"South-East Asia"
"Indonesia",2003,366,"78.179929269641306","24.5432062399174","46.5416632231283","46.5416632231283",0.622,"South-East Asia"
"Indonesia",2004,363,"79.126113731469502","24.8734759966767","48.6862011052539","48.6862011052539",0.621,"South-East Asia"
"Indonesia",2005,360,"80.061873402177397","25.2014182810079","50.8459818744068","50.8459818744068",0.634,"South-East Asia"
"Indonesia",2006,357,"80.976756255962201","25.5274177283386","53.0210842646296","53.0210842646296",0.643,"South-East Asia"
"Indonesia",2007,353,"81.881582956157004","25.8512091835091","55.2099624923316","55.2099624923316",0.646,"South-East Asia"
"Indonesia",2008,349,"82.776730126399102","26.1730364870992","57.4122949055182","57.4122949055182",0.649,"South-East Asia"
"Indonesia",2009,345,"83.661440561885101","26.4923942303162","59.6260299511536","59.6260299511536",0.66,"South-East Asia"
"Indonesia",2010,342,"84.532611752719703","26.8071029221378","61.8456968664636","61.8456968664636",0.667,"South-East Asia"
"Indonesia",2011,338,"85.377127563430804","27.1076557389763","64.0515484353717","64.0515484353717",0.674,"South-East Asia"
"Indonesia",2012,335,"86.212918465950096","27.4062128481355","66.2697088884734","66.2697088884734",0.682,"South-East Asia"
"Indonesia",2013,332,"87.039688549158996","27.7025394921243","68.4990104492093","68.4990104492093",0.687,"South-East Asia"
"Indonesia",2014,329,"87.8579420521054","27.9969893991559","70.7394179842329","70.7394179842329",0.69,"South-East Asia"
"Indonesia",2015,325,"88.667249494183693","28.2892166903199","72.9895935526156","72.9895935526156",0.698,"South-East Asia"
"Indonesia",2016,322,"89.467667065837901","28.5792308144962","75.2488988194538","75.2488988194538",0.701,"South-East Asia"
"Indonesia",2017,319,"90.258721081738202","28.8665952005925","77.5160586155665","77.5160586155665",0.708,"South-East Asia"
"Indonesia",2018,316,"91.040797189512205","29.1515575689813","79.7909218571099","79.7909218571099",0.712,"South-East Asia"
"Indonesia",2019,312,"91.813742154740595","29.4339167394203","82.0727007179025","82.0727007179025",0.718,"South-East Asia"
"Indonesia",2020,301,"92.587395694972201","29.71391557951","84.3612056704486","84.3612056704486",0.712,"South-East Asia"
"Madagascar",2000,293,"36.9481213461385","6.93422792661854","3.82452274708438","3.82452274708438",0.438,"Africa"
"Madagascar",2001,286,"37.580686589403697","7.48878097181858","4.27623527355919","4.27623527355919",0.445,"Africa"
"Madagascar",2002,280,"38.212679988921202","8.05968949541681","4.72902493987506","4.72902493987506",0.442,"Africa"
"Madagascar",2003,273,"38.843603148129297","8.64678658683702","5.18344487592683","5.18344487592683",0.451,"Africa"
"Madagascar",2004,268,"39.473898261987799","9.25025815338349","5.63879497378888","5.63879497378888",0.459,"Africa"
"Madagascar",2005,262,"40.255297358902602","9.93261554174104","6.12117429647739","6.12117429647739",0.464,"Africa"
"Madagascar",2006,257,"41.037842131196903","10.6358995156338","6.60626040079226","6.60626040079226",0.469,"Africa"
"Madagascar",2007,252,"41.820986961240997","11.3599943406554","7.09404605387567","7.09404605387567",0.477,"Africa"
"Madagascar",2008,248,"42.605574387633801","12.1053840846591","7.58477424817969","7.58477424817969",0.485,"Africa"
"Madagascar",2009,244,"43.389223584516301","12.8711099192107","8.07809185945002","8.07809185945002",0.488,"Africa"
"Madagascar",2010,241,"44.172777536876602","13.6576266289381","8.57423264087617","8.57423264087617",0.488,"Africa"
"Madagascar",2011,238,"44.9557063792181","14.4647667274573","9.07317357345326","9.07317357345326",0.49,"Africa"
"Madagascar",2012,236,"45.737937154693498","15.2925667357711","9.57497722568056","9.57497722568056",0.492,"Africa"
"Madagascar",2013,233,"46.5189417208381","16.1408302762085","10.0796108080669","10.0796108080669",0.494,"Africa"
"Madagascar",2014,233,"47.299102963258001","16.7630080347729","10.5872296200375","10.5872296200375",0.497,"Africa"
"Madagascar",2015,233,"48.077446714498002","17.3862360832543","11.0976984938148","11.0976984938148",0.499,"Africa"
"Madagascar",2016,233,"48.854353375217002","18.0266900658694","11.6111708642625","11.6111708642625",0.501,"Africa"
"Madagascar",2017,233,"49.6293115469512","18.6844476953544","12.1276031211704","12.1276031211704",0.502,"Africa"
"Madagascar",2018,233,"50.402243273482497","19.3598230600213","12.6470453599113","12.6470453599113",0.502,"Africa"
"Madagascar",2019,233,"51.172206135479499","20.0525651371361","13.1693371507898","13.1693371507898",0.498,"Africa"
"Madagascar",2020,233,"51.9400233315503","20.7635333183938","13.6947389718241","13.6947389718241",0.486,"Africa"
"Malawi",2000,386,"53.855150386789099","6.93072328132276","9.35119168326581","9.35119168326581",0.378,"Africa"
"Malawi",2001,395,"54.694436540786597","7.30106086676686","9.35302745592832","9.35302745592832",0.386,"Africa"
"Malawi",2002,401,"55.530696096745302","7.68051574187715","9.35480607328341","9.35480607328341",0.394,"Africa"
"Malawi",2003,403,"56.364278921383402","8.06942676340793","9.35670091834008","9.35670091834008",0.402,"Africa"
"Malawi",2004,402,"57.194824817751503","8.46742090607843","9.35853809192232","9.35853809192232",0.41,"Africa"
"Malawi",2005,398,"58.022668990760899","8.87484552300244","11.6430175561907","11.6430175561907",0.417,"Africa"
"Malawi",2006,392,"58.847461373157699","9.29131815990356","13.9195187317472","13.9195187317472",0.426,"Africa"
"Malawi",2007,383,"59.669518766004202","9.71719306882809","16.1881876779704","16.1881876779704",0.433,"Africa"
"Malawi",2008,371,"60.488516312096998","10.1520807536763","18.4488656942881","18.4488656942881",0.442,"Africa"
"Malawi",2009,356,"61.3079411675592","10.6005508630346","20.7030013060694","20.7030013060694",0.452,"Africa"
"Malawi",2010,338,"62.127463511403","11.0627064610518","22.9502207251724","22.9502207251724",0.461,"Africa"
"Malawi",2011,316,"62.947028650732598","11.5390372600745","25.1902515685701","25.1902515685701",0.469,"Africa"
"Malawi",2012,291,"63.766022466124703","12.0292544123907","27.422603378864","27.422603378864",0.476,"Africa"
"Malawi",2013,261,"64.584623328689204","12.5342361256519","29.6470619862229","29.6470619862229",0.484,"Africa"
"Malawi",2014,228,"65.401963623055394","13.0532852603648","31.8630595655518","31.8630595655518",0.493,"Africa"
"Malawi",2015,197,"66.218429235849996","13.5876840716512","34.0704034895695","34.0704034895695",0.498,"Africa"
"Malawi",2016,176,"67.032934708196706","14.1363136398145","36.2684898041781","36.2684898041781",0.501,"Africa"
"Malawi",2017,162,"67.845815156770001","14.7004635346463","38.4570669671792","38.4570669671792",0.506,"Africa"
"Malawi",2018,153,"68.656661309159503","15.280214141913","40.6356736680772","40.6356736680772",0.509,"Africa"
"Malawi",2019,146,"69.4648756261317","15.8752295061873","42.8038378125311","42.8038378125311",0.514,"Africa"
"Malawi",2020,138,"70.270469084475195","16.4864046136865","44.9611498947132","44.9611498947132",0.512,"Africa"
"Myanmar",2000,555,"47.7268532369647","27.5142565951058","63.4598761862451","63.4598761862451",0.407,"South-East Asia"
"Myanmar",2001,555,"49.1890418639071","28.9612262131022","64.0138787377536","64.0138787377536",0.415,"South-East Asia"
"Myanmar",2002,554,"50.6713196252269","30.4343032817297","64.5659721349404","64.5659721349404",0.425,"South-East Asia"
"Myanmar",2003,552,"52.173869359339903","31.93373856325","65.1163566338286","65.1163566338286",0.435,"South-East Asia"
"Myanmar",2004,549,"53.6965766171392","33.4594569762946","65.6650226981939","65.6650226981939",0.445,"South-East Asia"
"Myanmar",2005,545,"55.239321832169097","35.0113823110854","66.2119534701718","66.2119534701718",0.456,"South-East Asia"
"Myanmar",2006,540,"56.801709218981699","36.589093422906","66.7569454756528","66.7569454756528",0.466,"South-East Asia"
"Myanmar",2007,535,"58.383899635140502","38.1928484476628","67.3001776825017","67.3001776825017",0.475,"South-East Asia"
"Myanmar",2008,530,"59.9857724295587","39.8225682572276","67.8416370024388","67.8416370024388",0.461,"South-East Asia"
"Myanmar",2009,525,"61.606947635752398","41.477826226413","68.3369207154711","68.3369207154711",0.497,"South-East Asia"
"Myanmar",2010,500,"63.247821156716803","43.1592342519646","68.8298210389307","68.8298210389307",0.506,"South-East Asia"
"Myanmar",2011,476,"64.907756042786801","44.6684450068363","69.3199772404652","69.3199772404652",0.517,"South-East Asia"
"Myanmar",2012,453,"66.586886218478099","45.9844227449976","69.807531674854","69.807531674854",0.526,"South-East Asia"
"Myanmar",2013,431,"68.284851720229298","47.3160815381986","70.2923176898012","70.2923176898012",0.538,"South-East Asia"
"Myanmar",2014,411,"70.001990437148706","48.6638585833252","70.7745834946792","70.7745834946792",0.548,"South-East Asia"
"Myanmar",2015,391,"71.741001919231806","50.0312744185068","71.2558687447799","71.2558687447799",0.557,"South-East Asia"
"Myanmar",2016,372,"73.501674367959197","51.4178037948084","71.7359385456596","71.7359385456596",0.567,"South-East Asia"
"Myanmar",2017,355,"75.2835432452828","52.8225744437326","72.2144177894111","72.2144177894111",0.58,"South-East Asia"
"Myanmar",2018,338,"77.086335939566496","54.2449405890936","72.6910428346126","72.6910428346126",0.595,"South-East Asia"
"Myanmar",2019,322,"78.909335338447903","55.6836944657001","73.1653187541976","73.1653187541976",0.608,"South-East Asia"
"Myanmar",2020,306,"80.728763316707699","56.7710258366465","73.6368789464518","73.6368789464518",0.615,"South-East Asia"
"Nepal",2000,417,"79.669788852914294","26.7410655283817","13.9643034202623","13.9643034202623",0.461,"South-East Asia"
"Nepal",2001,405,"80.325280793552494","27.0376871451692","16.5126874413899","16.5126874413899",0.462,"South-East Asia"
"Nepal",2002,393,"80.936422443978998","27.2995745029258","19.0765230183174","19.0765230183174",0.469,"South-East Asia"
"Nepal",2003,382,"81.5412679602195","27.5605430954699","21.7098754525465","21.7098754525465",0.476,"South-East Asia"
"Nepal",2004,371,"82.139713923124901","27.8205510220552","24.4122734406566","24.4122734406566",0.484,"South-East Asia"
"Nepal",2005,360,"82.731665320307997","28.0795590419156","27.1832353733961","27.1832353733961",0.492,"South-East Asia"
"Nepal",2006,350,"83.317038128012499","28.3375311333259","30.0222708409922","30.0222708409922",0.503,"South-East Asia"
"Nepal",2007,339,"83.895823115831007","28.5945370855496","32.9290255317548","32.9290255317548",0.508,"South-East Asia"
"Nepal",2008,329,"84.467825398099393","28.8504224550179","35.9028115449213","35.9028115449213",0.518,"South-East Asia"
"Nepal",2009,320,"85.032949967188401","29.1051468201498","38.9430970513843","38.9430970513843",0.53,"South-East Asia"
"Nepal",2010,311,"85.591107326440394","29.358671635599","42.0493403726571","42.0493403726571",0.543,"South-East Asia"
"Nepal",2011,302,"86.142271806261405","29.6110595104759","45.2211012451996","45.2211012451996",0.552,"South-East Asia"
"Nepal",2012,293,"86.686530708513999","29.8626529684017","48.4581805623339","48.4581805623339",0.557,"South-East Asia"
"Nepal",2013,284,"87.223559713194405","28.4325660047717","51.7595632493705","51.7595632493705",0.563,"South-East Asia"
"Nepal",2014,276,"87.753325235735502","26.9763865296721","55.1248076174692","55.1248076174692",0.567,"South-East Asia"
"Nepal",2015,268,"88.275580629965006","25.4942189360671","58.5529933392084","58.5529933392084",0.568,"South-East Asia"
"Nepal",2016,260,"88.790205388918494","23.9865548091818","62.0434751947027","62.0434751947027",0.574,"South-East Asia"
"Nepal",2017,253,"89.296993094326396","22.4536265748055","65.5953745180221","65.5953745180221",0.581,"South-East Asia"
"Nepal",2018,245,"89.795775849258106","20.8958654198582","69.207890923476","69.207890923476",0.588,"South-East Asia"
"Nepal",2019,238,"90.286366352182498","19.3135408018988","72.8801279481259","72.8801279481259",0.598,"South-East Asia"
"Nepal",2020,226,"90.768583532737495","17.7071179880758","76.6112121421111","76.6112121421111",0.593,"South-East Asia"
"Senegal",2000,155,"59.7555406350506","20.0295699247872","36.8403629523326","36.8403629523326",0.388,"Africa"
"Senegal",2001,153,"60.875614454602399","20.2637262115763","37.8255022373584","37.8255022373584",0.395,"Africa"
"Senegal",2002,150,"61.998993710287202","20.4971792021067","38.8186500389611","38.8186500389611",0.399,"Africa"
"Senegal",2003,147,"63.191382206646303","20.7763876488998","39.869656149518","39.869656149518",0.407,"Africa"
"Senegal",2004,144,"64.433994318114799","21.0911266006806","40.9633021795963","40.9633021795963",0.414,"Africa"
"Senegal",2005,141,"65.673680927259696","21.4047639645201","42.0544776116129","42.0544776116129",0.421,"Africa"
"Senegal",2006,139,"66.911108985333001","21.7179133599936","43.1437484387826","43.1437484387826",0.429,"Africa"
"Senegal",2007,138,"68.145674696297903","22.0302605560393","44.2305886798635","44.2305886798635",0.442,"Africa"
"Senegal",2008,136,"69.377203129862707","22.3418016093034","45.3148396181609","45.3148396181609",0.454,"Africa"
"Senegal",2009,134,"70.605149763905501","22.6522287825934","46.3960167988497","46.3960167988497",0.461,"Africa"
"Senegal",2010,132,"71.830087731725499","22.962148383617","47.4746195159613","47.4746195159613",0.47,"Africa"
"Senegal",2011,130,"73.051452553328801","23.2712482600691","48.5501486192775","48.5501486192775",0.483,"Africa"
"Senegal",2012,129,"74.268745078323803","23.5792275619602","49.62215098708","49.62215098708",0.491,"Africa"
"Senegal",2013,127,"75.482135622716896","23.8863832508195","50.6907763152699","50.6907763152699",0.497,"Africa"
"Senegal",2014,125,"76.691446803090102","24.1927117787544","51.7558632183278","51.7558632183278",0.501,"Africa"
"Senegal",2015,123,"77.898785743069595","24.5005719592568","52.8193806775429","52.8193806775429",0.501,"Africa"
"Senegal",2016,122,"79.103381969048698","24.8096361299701","53.8806790444526","53.8806790444526",0.51,"Africa"
"Senegal",2017,120,"80.305268341520602","25.1204534504715","54.9398686162857","54.9398686162857",0.511,"Africa"
"Senegal",2018,118,"81.503404283433795","25.4324042760609","55.9960419566084","55.9960419566084",0.515,"Africa"
"Senegal",2019,117,"82.697529480522107","25.7457429092513","57.0490341820529","57.0490341820529",0.514,"Africa"
"Senegal",2020,115,"83.886903248782303","26.0601472837414","58.0982120345877","58.0982120345877",0.514,"Africa"
"Sierra Leone",2000,305,"41.084228566983199","5.19329287898916","7.69468739920599","7.69468739920599",0.319,"Africa"
"Sierra Leone",2001,309,"41.4103627667537","5.30657777176804","7.92617080881468","7.92617080881468",0.33,"Africa"
"Sierra Leone",2002,311,"42.517556444059601","5.48762445745711","8.15825828538755","8.15825828538755",0.346,"Africa"
"Sierra Leone",2003,313,"43.624962926415598","5.67420743879449","8.39095231627294","8.39095231627294",0.355,"Africa"
"Sierra Leone",2004,314,"44.732540715920997","5.86625156148857","8.94954703702062","8.94954703702062",0.363,"Africa"
"Sierra Leone",2005,316,"45.870098383647402","6.06988832530289","9.53865082527523","9.53865082527523",0.369,"Africa"
"Sierra Leone",2006,317,"47.029154976234601","6.28321356199777","10.1566509069014","10.1566509069014",0.371,"Africa"
"Sierra Leone",2007,318,"48.1866496269663","6.50130929934768","10.7956030782782","10.7956030782782",0.392,"Africa"
"Sierra Leone",2008,318,"49.342506730674401","6.72405166543884","11.4555103768436","11.4555103768436",0.403,"Africa"
"Sierra Leone",2009,318,"50.4962996620825","6.95124434086215","12.1362209658532","12.1362209658532",0.411,"Africa"
"Sierra Leone",2010,317,"51.647977765691003","7.18276828033032","12.8377260886087","12.8377260886087",0.416,"Africa"
"Sierra Leone",2011,316,"52.7978280289935","7.41857077527122","13.560179661658","13.560179661658",0.424,"Africa"
"Sierra Leone",2012,314,"53.945779626201002","7.65852483961428","14.3035858013974","14.3035858013974",0.427,"Africa"
"Sierra Leone",2013,313,"55.091106439849902","7.90237684735476","15.067603703245","15.067603703245",0.445,"Africa"
"Sierra Leone",2014,310,"56.234413472512998","8.15013194693133","15.8525627970328","15.8525627970328",0.447,"Africa"
"Sierra Leone",2015,307,"57.375315057991301","8.40160250969397","16.6582854370073","16.6582854370073",0.438,"Africa"
"Sierra Leone",2016,304,"58.514067839877598","8.656720511267","17.4849471744574","17.4849471744574",0.446,"Africa"
"Sierra Leone",2017,301,"59.652654162177399","8.91571134282719","18.3338581421542","18.3338581421542",0.448,"Africa"
"Sierra Leone",2018,298,"60.791419441240301","9.17847556387583","19.20548437001","19.20548437001",0.454,"Africa"
"Sierra Leone",2019,295,"61.929809252953497","9.44474856671426","20.0997387688789","20.0997387688789",0.457,"Africa"
"Sierra Leone",2020,292,"63.067563365640801","9.71431305077627","21.0167130216126","21.0167130216126",0.453,"Africa"
"Sri Lanka",2000,66,"82.847191181572498","44.690599746669","76.7684658952961","76.7684658952961",0.689,"South-East Asia"
"Sri Lanka",2001,66,"83.132013964082901","44.8200054949636","77.5652286823631","77.5652286823631",0.691,"South-East Asia"
"Sri Lanka",2002,66,"83.420866028512293","44.948926886999","78.3653912595739","78.3653912595739",0.695,"South-East Asia"
"Sri Lanka",2003,66,"83.709865315755394","45.0783554158415","79.1689156040994","79.1689156040994",0.7,"South-East Asia"
"Sri Lanka",2004,66,"83.998883048265995","45.207797617992","79.9758261581763","79.9758261581763",0.683,"South-East Asia"
"Sri Lanka",2005,66,"84.287781889896394","45.3367534277481","80.7861295819782","80.7861295819782",0.71,"South-East Asia"
"Sri Lanka",2006,66,"84.576830916041303","45.5262626367779","81.5998067218221","81.5998067218221",0.713,"South-East Asia"
"Sri Lanka",2007,66,"84.865765330327804","45.7153301332015","82.4168766654693","82.4168766654693",0.718,"South-East Asia"
"Sri Lanka",2008,66,"85.154847451454003","45.9049564408666","83.2373247029462","83.2373247029462",0.719,"South-East Asia"
"Sri Lanka",2009,66,"85.443942941036994","46.0946421908046","84.0611568261912","84.0611568261912",0.711,"South-East Asia"
"Sri Lanka",2010,66,"85.732921426934396","46.2838727827629","84.8883738090123","84.8883738090123",0.735,"South-East Asia"
"Sri Lanka",2011,66,"86.022042002848707","46.473670278824","85.7189721476393","85.7189721476393",0.741,"South-East Asia"
"Sri Lanka",2012,66,"86.311182637650404","46.6635284571006","86.5529633528261","86.5529633528261",0.747,"South-East Asia"
"Sri Lanka",2013,66,"86.6023981319846","46.8622799469941","87.3903117492911","87.3903117492911",0.752,"South-East Asia"
"Sri Lanka",2014,65,"86.8957412152415","47.0706000017364","88.2310734180326","88.2310734180326",0.757,"South-East Asia"
"Sri Lanka",2015,65,"87.191132790321106","47.2886463544296","89.0752990733061","89.0752990733061",0.76,"South-East Asia"
"Sri Lanka",2016,65,"87.488390960049898","47.516056893462","89.9230512319667","89.9230512319667",0.765,"South-East Asia"
"Sri Lanka",2017,64,"87.787552718146102","47.7535126946425","90.7743730027284","90.7743730027284",0.77,"South-East Asia"
"Sri Lanka",2018,64,"88.088656398743495","48.0017088515674","91.6293176553116","91.6293176553116",0.774,"South-East Asia"
"Sri Lanka",2019,64,"88.391408507483206","47.8252897781829","92.487940769035","92.487940769035",0.775,"South-East Asia"
"Sri Lanka",2020,63,"88.695954308126502","47.5914243025232","93.350290136483","93.350290136483",0.777,"South-East Asia"
"Tanzania",2000,503,"28.666421764461301","1.43044680120711","6.4545572257458","6.4545572257458",0.396,"Africa"
"Tanzania",2001,506,"30.0731838916507","1.47342192224391","7.66547439187183","7.66547439187183",0.404,"Africa"
"Tanzania",2002,509,"31.479751268823701","1.51735620150323","8.88565368804983","8.88565368804983",0.414,"Africa"
"Tanzania",2003,510,"32.983278914624002","1.57507095896928","10.1362371194278","10.1362371194278",0.425,"Africa"
"Tanzania",2004,510,"34.482181003399099","2.27790955498345","11.3353000997634","11.3353000997634",0.435,"Africa"
"Tanzania",2005,510,"35.9811337940546","3.03221320781846","12.5338225447733","12.5338225447733",0.445,"Africa"
"Tanzania",2006,504,"37.479992790134197","3.84023410327136","13.7317612866965","13.7317612866965",0.455,"Africa"
"Tanzania",2007,492,"38.9776269528138","5.47457369665052","14.9287973517559","14.9287973517559",0.464,"Africa"
"Tanzania",2008,474,"40.474318425797598","7.01043437530185","16.1250365499333","16.1250365499333",0.472,"Africa"
"Tanzania",2009,452,"41.967536016703797","7.48366641360727","17.3196247396948","17.3196247396948",0.482,"Africa"
"Tanzania",2010,426,"43.458443210343702","7.75774251222285","18.5129732606357","18.5129732606357",0.493,"Africa"
"Tanzania",2011,401,"44.944995268675001","8.03601984492205","19.7043086556293","19.7043086556293",0.498,"Africa"
"Tanzania",2012,378,"46.427378611021602","8.31895877725213","20.8937174720611","20.8937174720611",0.501,"Africa"
"Tanzania",2013,336,"47.903614653965903","8.60599303483947","22.0803159001061","22.0803159001061",0.504,"Africa"
"Tanzania",2014,327,"49.371837568079599","8.89653747874422","23.2631070043176","23.2631070043176",0.506,"Africa"
"Tanzania",2015,306,"50.831470119237501","9.19061761742038","24.4416443149061","24.4416443149061",0.507,"Africa"
"Tanzania",2016,287,"52.281170229812197","9.48783390188552","25.6150210066189","25.6150210066189",0.509,"Africa"
"Tanzania",2017,269,"53.720796408846603","9.78841743740126","26.7829708869529","26.7829708869529",0.517,"Africa"
"Tanzania",2018,253,"55.149433879629399","10.092173476307","27.9447655542304","27.9447655542304",0.525,"Africa"
"Tanzania",2019,237,"56.5658481263889","10.3986792496063","29.099388976813","29.099388976813",0.533,"Africa"
"Tanzania",2020,222,"57.9702655871505","10.7083821320859","30.246799713062","30.246799713062",0.535,"Africa"
"Togo",2000,52,"45.437203696057303","7.44596842465642","9.60294075298278","9.60294075298278",0.436,"Africa"
"Togo",2001,53,"46.698035673752699","7.56511196674744","9.885647726804","9.885647726804",0.439,"Africa"
"Togo",2002,56,"47.950164515720502","7.68563842022978","10.17042045101","10.17042045101",0.443,"Africa"
"Togo",2003,60,"49.192934022604099","7.80732407835564","10.4570598974873","10.4570598974873",0.449,"Africa"
"Togo",2004,66,"50.4262466400398","7.93017508647132","10.7455796253713","10.7455796253713",0.448,"Africa"
"Togo",2005,71,"51.649513735888902","8.05396654706982","11.1773052397302","11.1773052397302",0.446,"Africa"
"Togo",2006,74,"52.863144055487197","8.17893108732728","11.6195512765709","11.6195512765709",0.452,"Africa"
"Togo",2007,77,"54.067038952203099","8.30507454514135","12.0722256956924","12.0722256956924",0.445,"Africa"
"Togo",2008,78,"55.261547562964402","8.43263063930142","12.5354529601089","12.5354529601089",0.452,"Africa"
"Togo",2009,77,"56.444773574585298","8.56068225190269","13.0082555482649","13.0082555482649",0.46,"Africa"
"Togo",2010,76,"57.618438906145002","8.69015617114663","13.4914168494847","13.4914168494847",0.469,"Africa"
"Togo",2011,73,"58.790723004694698","13.0996918887012","13.9893165783066","13.9893165783066",0.483,"Africa"
"Togo",2012,69,"59.957138704413801","15.1638362286742","14.4998960284454","14.4998960284454",0.487,"Africa"
"Togo",2013,64,"61.111673443754697","15.6048440091922","15.0199254601717","15.0199254601717",0.495,"Africa"
"Togo",2014,58,"62.255056843987802","16.0505729222898","15.5497416677127","15.5497416677127",0.502,"Africa"
"Togo",2015,52,"63.387189598943301","16.5010926705837","16.0892338025687","16.0892338025687",0.51,"Africa"
"Togo",2016,46,"64.5093974540071","16.9574573062902","16.6392024008154","16.6392024008154",0.515,"Africa"
"Togo",2017,41,"65.621092990891597","17.4195283838883","17.1993119030218","17.1993119030218",0.522,"Africa"
"Togo",2018,38,"66.722073072857398","17.8874097421064","17.7694527426618","17.7694527426618",0.528,"Africa"
"Togo",2019,37,"67.812129046760603","18.3612042228307","18.3495107376786","18.3495107376786",0.536,"Africa"
"Togo",2020,35,"68.891059214264104","18.8410171736911","18.9393705719577","18.9393705719577",0.54,"Africa"
"Uganda",2000,276,"26.416929928934099","2.29626287967983","16.3794946916106","16.3794946916106",0.392,"Africa"
"Uganda",2001,266,"27.691300983310601","2.73502526637303","16.5975952479298","16.5975952479298",0.402,"Africa"
"Uganda",2002,256,"28.9911541004358","3.27756273191477","16.8151542285613","16.8151542285613",0.414,"Africa"
"Uganda",2003,248,"30.315889274636099","3.84094963487299","17.0321532501804","17.0321532501804",0.427,"Africa"
"Uganda",2004,240,"31.6653580235931","4.42555644657335","17.2487008096089","17.2487008096089",0.441,"Africa"
"Uganda",2005,233,"33.0370258975585","5.03075868572717","17.4642525560946","17.4642525560946",0.451,"Africa"
"Uganda",2006,227,"34.432610367944903","5.65771078529133","17.6794433895241","17.6794433895241",0.463,"Africa"
"Uganda",2007,222,"35.850031986644403","6.30595297889216","17.893860360696","17.893860360696",0.473,"Africa"
"Uganda",2008,217,"37.289508767459402","6.97607811323751","18.107742128752","18.107742128752",0.481,"Africa"
"Uganda",2009,213,"38.749433782986699","7.66777301110629","18.3208073608516","18.3208073608516",0.491,"Africa"
"Uganda",2010,210,"40.229957437106002","8.38165836815415","18.5332942492702","18.5332942492702",0.5,"Africa"
"Uganda",2011,207,"41.7298870287119","9.1176342829255","18.7450509527494","18.7450509527494",0.504,"Africa"
"Uganda",2012,205,"43.248859103029403","9.87610130353659","18.9561823261431","18.9561823261431",0.504,"Africa"
"Uganda",2013,203,"44.784879236978597","10.6563688377055","19.1662858984987","19.1662858984987",0.511,"Africa"
"Uganda",2014,202,"46.3387388137212","11.459659449773","19.3758464383761","19.3758464383761",0.518,"Africa"
"Uganda",2015,202,"47.9088089711991","12.2855424930426","19.5845877472555","19.5845877472555",0.525,"Africa"
"Uganda",2016,201,"49.493530386138801","13.1335090736868","19.7922384779092","19.7922384779092",0.531,"Africa"
"Uganda",2017,201,"51.092116519405401","14.0036092022049","19.9987800028527","19.9987800028527",0.534,"Africa"
"Uganda",2018,200,"52.7030927273616","14.895237559752","20.2039464819127","20.2039464819127",0.539,"Africa"
"Uganda",2019,200,"54.3266872423468","15.809382175944","20.4080904532095","20.4080904532095",0.544,"Africa"
"Uganda",2020,199,"55.961103223252302","16.7450812444467","20.6108258720445","20.6108258720445",0.545,"Africa"
"Zimbabwe",2000,605,"71.869389183163705","29.1933272287899","44.5170080550134","44.5170080550134",0.426,"Africa"
"Zimbabwe",2001,617,"72.016047666362795","29.3447628566926","44.6327829539665","44.6327829539665",0.416,"Africa"
"Zimbabwe",2002,617,"71.706071585325603","29.4752630173317","44.8209725663783","44.8209725663783",0.427,"Africa"
"Zimbabwe",2003,617,"71.211017187745597","29.4471279520498","44.8625987631715","44.8625987631715",0.414,"Africa"
"Zimbabwe",2004,607,"70.687060937327402","29.3894113590863","44.8816899837811","44.8816899837811",0.419,"Africa"
"Zimbabwe",2005,588,"70.163108141547397","29.1944739448653","44.2555894230867","44.2555894230867",0.42,"Africa"
"Zimbabwe",2006,561,"69.638805105294793","28.9988812477773","43.631373965357","43.631373965357",0.422,"Africa"
"Zimbabwe",2007,527,"69.114546632090097","28.8030179712037","43.0093176557276","43.0093176557276",0.423,"Africa"
"Zimbabwe",2008,487,"68.5899709728087","28.6065152600215","42.3891758166248","42.3891758166248",0.42,"Africa"
"Zimbabwe",2009,450,"68.065481664520206","28.409765830147","41.7711991394054","41.7711991394054",0.454,"Africa"
"Zimbabwe",2010,416,"67.540711193777298","28.2123945008164","41.1551678278732","41.1551678278732",0.481,"Africa"
"Zimbabwe",2011,384,"67.016074233599994","28.0148002105616","40.5413106062604","40.5413106062604",0.502,"Africa"
"Zimbabwe",2012,355,"66.4911847039305","27.816599335063","39.9294247255203","39.9294247255203",0.522,"Africa"
"Zimbabwe",2013,304,"65.966473702644194","27.6182001665217","39.3197198966502","39.3197198966502",0.532,"Africa"
"Zimbabwe",2014,278,"65.454109588670306","27.431369291366","38.7170871077261","38.7170871077261",0.539,"Africa"
"Zimbabwe",2015,242,"64.954932210848895","27.2568176891054","38.1206481520606","38.1206481520606",0.544,"Africa"
"Zimbabwe",2016,233,"64.468960864921101","27.0944535609013","37.5291905738897","37.5291905738897",0.547,"Africa"
"Zimbabwe",2017,221,"63.996627309721802","26.9445884339127","36.9416742711943","36.9416742711943",0.552,"Africa"
"Zimbabwe",2018,210,"63.538773349687602","26.807938485019","36.3571601293685","36.3571601293685",0.564,"Africa"
"Zimbabwe",2019,199,"63.094953801909199","26.6839776541278","35.7743358079873","35.7743358079873",0.56,"Africa"
"Zimbabwe",2020,185,"62.666456110432399","26.5738460316127","35.1923618234591","35.1923618234591",0.554,"Africa"
